Workbook

Sheet Resources
A1: Named Resource | B1: OQ | C1: Conductivity | D1: Hardness | E1: Heat Resistance | F1: Malleability | G1: Family
A2: Keth Iron | B2: 520 | C2: 220 | D2: 650 | E2: 480 | F2: 560 | G2: SA
A3: Asterion Frame Alloy | B3: 690 | C3: 260 | D3: 850 | E3: 610 | F3: 760 | G3: SA
A4: Bendrel Ridge Alloy | B4: 610 | C4: 150 | D4: 430 | E4: 330 | F4: 880 | G4: SA
A5: Red Mesa Conductive Slag | B5: 340 | C5: 610 | D5: 310 | E5: 720 | F5: 390 | G5: CM
A6: Veyrith Copper | B6: 820 | C6: 930 | D6: 260 | E6: 540 | F6: 620 | G6: CM
A7: Sorrel Vein Copper | B7: 560 | C7: 640 | D7: 210 | E7: 430 | F7: 760 | G7: CM
A8: Pale Ember Crystal | B8: 680 | C8: 520 | D8: 360 | E8: 880 | F8: 470 | G8: RC
A9: Thornwake Crystal | B9: 590 | C9: 910 | D9: 420 | E9: 210 | F9: 160 | G9: RC
A10: Glimmerfall Shard | B10: 800 | C10: 680 | D10: 300 | E10: 640 | F10: 210 | G10: RC
A12: Decision 010/021 locked prototype stats (1–1000). Blue = inputs you can tune.

Sheet Weights
A1: Recipe | B1: Property | C1: w1 | D1: slot1 | E1: stat1 | F1: w2 | G1: slot2 | H1: stat2 | I1: w3 | J1: slot3 | K1: stat3
A2: Basic Drill Head | B2: Extraction Rate | C2: 0.5 | D2: 1 | E2: Hardness | F2: 0.3 | G2: 2 | H2: Conductivity | I2: 0.2 | J2: 0 | K2: OQ
A3: Basic Drill Head | B3: Depth Access | C3: 0.5 | D3: 1 | E3: Hardness | F3: 0.3 | G3: 3 | H3: Heat Resistance | I3: 0.2 | J3: 0 | K3: OQ
A4: Basic Drill Head | B4: Wear Control | C4: 0.45 | D4: 3 | E4: Heat Resistance | F4: 0.35 | G4: 1 | H4: Malleability | I4: 0.2 | J4: 0 | K4: OQ
A5: Efficient Pump | B5: Recovery Efficiency | C5: 0.45 | D5: 1 | E5: Conductivity | F5: 0.35 | G5: 2 | H5: Malleability | I5: 0.2 | J5: 0 | K5: OQ
A6: Efficient Pump | B6: Clog Resistance | C6: 0.45 | D6: 2 | E6: Malleability | F6: 0.3 | G6: 2 | H6: Hardness | I6: 0.25 | J6: 0 | K6: OQ
A7: Efficient Pump | B7: Field Stability | C7: 0.45 | D7: 3 | E7: Heat Resistance | F7: 0.35 | G7: 1 | H7: Malleability | I7: 0.2 | J7: 0 | K7: OQ
A8: Reinforced Hull Plate | B8: Max Condition | C8: 0.45 | D8: 1 | E8: Hardness | F8: 0.3 | G8: 2 | H8: Malleability | I8: 0.25 | J8: 0 | K8: OQ
A9: Reinforced Hull Plate | B9: Damage Reduction | C9: 0.5 | D9: 1 | E9: Hardness | F9: 0.3 | G9: 3 | H9: Heat Resistance | I9: 0.2 | J9: 0 | K9: OQ
A10: Reinforced Hull Plate | B10: Repairability | C10: 0.45 | D10: 2 | E10: Malleability | F10: 0.35 | G10: 0 | H10: OQ | I10: 0.2 | J10: 1 | K10: Hardness
A11: Survey Scanner Module Mk I | B11: Survey Clarity | C11: 0.6 | D11: 1 | E11: Conductivity | F11: 0.25 | G11: 2 | H11: Conductivity | I11: 0.15 | J11: 0 | K11: OQ
A12: Survey Scanner Module Mk I | B12: Stat Hint Accuracy | C12: 0.5 | D12: 1 | E12: Conductivity | F12: 0.3 | G12: 2 | H12: Heat Resistance | I12: 0.2 | J12: 0 | K12: OQ
A13: Survey Scanner Module Mk I | B13: Signal Range | C13: 0.55 | D13: 1 | E13: Conductivity | F13: 0.25 | G13: 2 | H13: Heat Resistance | I13: 0.2 | J13: 0 | K13: OQ
... A16: Field Repair Kit | B16: Field Reliability | C16: 0.45 | D16: 3 | E16: Heat Resistance | F16: 0.35 | G16: 2 | H16: Heat Resistance | I16: 0.2 | J16: 0 | K16: OQ
A18: slot: 1/2/3 = recipe slot; 0 = average OQ of all three resources. Blue = tunable inputs.
A19: Weights include LOCKED Decisions 016 A/B and 021-A. Blue = tunable inputs.

Sheet Craft Model
A1: Recipe | B1: Slot 1 | C1: Slot 2 | D1: Slot 3 | E1: Avg OQ | F1: Prop 1 | G1: Score | H1: Band | I1: Prop 2 | J1: Score | K1: Band | L1: Prop 3 | M1: Score | N1: Band | O1: Best line +3 pts | P1: Band
A2: Basic Drill Head | B2: Keth Iron | C2: Red Mesa Conductive Slag | D2: Pale Ember Crystal | E2: =AVERAGE(INDEX(Resources!$B$2:$F$10,MATCH($B2,Resources!$A$2:$A$10,0),1),INDEX(Resources!$B$2:$F$10,MATCH($C2,Resources!$A$2:$A$10,0),1),INDEX(Resources!$B$2:$F$10,MATCH($D2,Resources!$A$2:$A$10,0),1)) -> 513.33333 | F2: Extraction Rate | G2: =(Weights!$C$2*IF(Weights!$D$2=0,$E2,INDEX(Resources!$B$2:$F$10,MATCH(CHOOSE(Weights!$D$2,$B2,$C2,$D2),Resources!$A$2:$A$10,0),MATCH(Weights!$E$2,Resources!$B$1:$F$1,0)))+Weights!$F$2*IF(Weights!$G$2=0,$E2,INDEX(Resources!$B$2:$F$10,MATCH(CHOOSE(Weights!$G$2,$B2,$C2,$D2),Resources!$A$2:$A$10,0),MATCH(Weights!$H$2,Resources!$B$1:$F$1,0)))+Weights!$I$2*IF(Weights!$J$2=0,$E2,INDEX(Resources!$B$2:$F$10,MATCH(CHOOSE(Weights!$J$2,$B2,$C2,$D2),Resources!$A$2:$A$10,0),MATCH(Weights!$K$2,Resources!$B$1:$F$1,0))))/10 -> 61.066667 | H2: =IF(G2<40,"Poor",IF(G2<55,"Basic",IF(G2<70,"Solid",IF(G2<85,"Strong",IF(G2<95,"Excellent","Exceptional"))))) -> Solid | I2: Depth Access | J2: =(Weights!$C$3*IF(Weights!$D$3=0,$E2,INDEX(Resources!$B$2:$F$10,MATCH(CHOOSE(Weights!$D$3,$B2,$C2,$D2),Resources!$A$2:$A$10,0),MATCH(Weights!$E$3,Resources!$B$1:$F$1,0)))+Weights!$F$3*IF(Weights!$G$3=0,$E2,INDEX(Resources!$B$2:$F$10,MATCH(CHOOSE(Weights!$G$3,$B2,$C2,$D2),Resources!$A$2:$A$10,0),MATCH(Weights!$H$3,Resources!$B$1:$F$1,0)))+Weights!$I$3*IF(Weights!$J$3=0,$E2,INDEX(Resources!$B$2:$F$10,MATCH(CHOOSE(Weights!$J$3,$B2,$C2,$D2),Resources!$A$2:$A$10,0),MATCH(Weights!$K$3,Resources!$B$1:$F$1,0))))/10 -> 69.166667 | K2: =IF(J2<40,"Poor",IF(J2<55,"Basic",IF(J2<70,"Solid",IF(J2<85,"Strong",IF(J2<95,"Excellent","Exceptional"))))) -> Solid | L2: Wear Control | M2: =(Weights!$C$4*IF(Weights!$D$4=0,$E2,INDEX(Resources!$B$2:$F$10,MATCH(CHOOSE(Weights!$D$4,$B2,$C2,$D2),Resources!$A$2:$A$10,0),MATCH(Weights!$E$4,Resources!$B$1:$F$1,0)))+Weights!$F$4*IF(Weights!$G$4=0,$E2,INDEX(Resources!$B$2:$F$10,MATCH(CHOOSE(Weights!$G$4,$B2,$C2,$D2),Resources!$A$2:$A$10,0),MATCH(Weights!$H$4,Resources!$B$1:$F$1,0)))+Weights!$I$4*IF(Weights!$J$4=0,$E2,INDEX(Resources!$B$2:$F$10,MATCH(CHOOSE(Weights!$J$4,$B2,$C2,$D2),Resources!$A$2:$A$10,0),MATCH(Weights!$K$4,Resources!$B$1:$F$1,0))))/10 -> 69.466667 | N2: =IF(M2<40,"Poor",IF(M2<55,"Basic",IF(M2<70,"Solid",IF(M2<85,"Strong",IF(M2<95,"Excellent","Exceptional"))))) -> Solid | O2: =MIN(100,MAX(G2,J2,M2)*(1+0.05*3)) -> 79.886667 | P2: =IF(O2<40,"Poor",IF(O2<55,"Basic",IF(O2<70,"Solid",IF(O2<85,"Strong",IF(O2<95,"Excellent","Exceptional"))))) -> Strong
A3: Basic Drill Head | B3: Keth Iron | C3: Red Mesa Conductive Slag | D3: Thornwake Crystal | E3: =AVERAGE(INDEX(Resources!$B$2:$F$10,MATCH($B3,Resources!$A$2:$A$10,0),1),INDEX(Resources!$B$2:$F$10,MATCH($C3,Resources!$A$2:$A$10,0),1),INDEX(Resources!$B$2:$F$10,MATCH($D3,Resources!$A$2:$A$10,0),1)) -> 483.33333 | F3: Extraction Rate | G3: =(Weights!$C$2*IF(Weights!$D$2=0,$E3,INDEX(Resources!$B$2:$F$10,MATCH(CHOOSE(Weights!$D$2,$B3,$C3,$D3),Resources!$A$2:$A$10,0),MATCH(Weights!$E$2,Resources!$B$1:$F$1,0)))+Weights!$F$2*IF(Weights!$G$2=0,$E3,INDEX(Resources!$B$2:$F$10,MATCH(CHOOSE(Weights!$G$2,$B3,$C3,$D3),Resources!$A$2:$A$10,0),MATCH(Weights!$H$2,Resources!$B$1:$F$1,0)))+Weights!$I$2*IF(Weights!$J$2=0,$E3,INDEX(Resources!$B$2:$F$10,MATCH(CHOOSE(Weights!$J$2,$B3,$C3,$D3),Resources!$A$2:$A$10,0),MATCH(Weights!$K$2,Resources!$B$1:$F$1,0))))/10 -> 60.466667 | H3: =IF(G3<40,"Poor",IF(G3<55,"Basic",IF(G3<70,"Solid",IF(G3<85,"Strong",IF(G3<95,"Excellent","Exceptional"))))) -> Solid | I3: Depth Access | J3: =(Weights!$C$3*IF(Weights!$D$3=0,$E3,INDEX(Resources!$B$2:$F$10,MATCH(CHOOSE(Weights!$D$3,$B3,$C3,$D3),Resources!$A$2:$A$10,0),MATCH(Weights!$E$3,Resources!$B$1:$F$1,0)))+Weights!$F$3*IF(Weights!$G$3=0,$E3,INDEX(Resources!$B$2:$F$10,MATCH(CHOOSE(Weights!$G$3,$B3,$C3,$D3),Resources!$A$2:$A$10,0),MATCH(Weights!$H$3,Resources!$B$1:$F$1,0)))+Weights!$I$3*IF(Weights!$J$3=0,$E3,INDEX(Resources!$B$2:$F$10,MATCH(CHOOSE(Weights!$J$3,$B3,$C3,$D3),Resources!$A$2:$A$10,0),MATCH(Weights!$K$3,Resources!$B$1:$F$1,0))))/10 -> 48.466667 | K3: =IF(J3<40,"Poor",IF(J3<55,"Basic",IF(J3<70,"Solid",IF(J3<85,"Strong",IF(J3<95,"Excellent","Exceptional"))))) -> Basic | L3: Wear Control | M3: =(Weights!$C$4*IF(Weights!$D$4=0,$E3,INDEX(Resources!$B$2:$F$10,MATCH(CHOOSE(Weights!$D$4,$B3,$C3,$D3),Resources!$A$2:$A$10,0),MATCH(Weights!$E$4,Resources!$B$1:$F$1,0)))+Weights!$F$4*IF(Weights!$G$4=0,$E3,INDEX(Resources!$B$2:$F$10,MATCH(CHOOSE(Weights!$G$4,$B3,$C3,$D3),Resources!$A$2:$A$10,0),MATCH(Weights!$H$4,Resources!$B$1:$F$1,0)))+Weights!$I$4*IF(Weights!$J$4=0,$E3,INDEX(Resources!$B$2:$F$10,MATCH(CHOOSE(Weights!$J$4,$B3,$C3,$D3),Resources!$A$2:$A$10,0),MATCH(Weights!$K$4,Resources!$B$1:$F$1,0))))/10 -> 38.716667 | N3: =IF(M3<40,"Poor",IF(M3<55,"Basic",IF(M3<70,"Solid",IF(M3<85,"Strong",IF(M3<95,"Excellent","Exceptional"))))) -> Poor | O3: =MIN(100,MAX(G3,J3,M3)*(1+0.05*3)) -> 69.536667 | P3: =IF(O3<40,"Poor",IF(O3<55,"Basic",IF(O3<70,"Solid",IF(O3<85,"Strong",IF(O3<95,"Excellent","Exceptional"))))) -> Solid
A4: Basic Drill Head | B4: Keth Iron | C4: Red Mesa Conductive Slag | D4: Glimmerfall Shard | E4: =AVERAGE(INDEX(Resources!$B$2:$F$10,MATCH($B4,Resources!$A$2:$A$10,0),1),INDEX(Resources!$B$2:$F$10,MATCH($C4,Resources!$A$2:$A$10,0),1),INDEX(Resources!$B$2:$F$10,MATCH($D4,Resources!$A$2:$A$10,0),1)) -> 553.33333 | F4: Extraction Rate | G4: =(Weights!$C$2*IF(Weights!$D$2=0,$E4,INDEX(Resources!$B$2:$F$10,MATCH(CHOOSE(Weights!$D$2,$B4,$C4,$D4),Resources!$A$2:$A$10,0),MATCH(Weights!$E$2,Resources!$B$1:$F$1,0)))+Weights!$F$2*IF(Weights!$G$2=0,$E4,INDEX(Resources!$B$2:$F$10,MATCH(CHOOSE(Weights!$G$2,$B4,$C4,$D4),Resources!$A$2:$A$10,0),MATCH(Weights!$H$2,Resources!$B$1:$F$1,0)))+Weights!$I$2*IF(Weights!$J$2=0,$E4,INDEX(Resources!$B$2:$F$10,MATCH(CHOOSE(Weights!$J$2,$B4,$C4,$D4),Resources!$A$2:$A$10,0),MATCH(Weights!$K$2,Resources!$B$1:$F$1,0))))/10 -> 61.866667 | H4: =IF(G4<40,"Poor",IF(G4<55,"Basic",IF(G4<70,"Solid",IF(G4<85,"Strong",IF(G4<95,"Excellent","Exceptional"))))) -> Solid | I4: Depth Access | J4: =(Weights!$C$3*IF(Weights!$D$3=0,$E4,INDEX(Resources!$B$2:$F$10,MATCH(CHOOSE(Weights!$D$3,$B4,$C4,$D4),Resources!$A$2:$A$10,0),MATCH(Weights!$E$3,Resources!$B$1:$F$1,0)))+Weights!$F$3*IF(Weights!$G$3=0,$E4,INDEX(Resources!$B$2:$F$10,MATCH(CHOOSE(Weights!$G$3,$B4,$C4,$D4),Resources!$A$2:$A$10,0),MATCH(Weights!$H$3,Resources!$B$1:$F$1,0)))+Weights!$I$3*IF(Weights!$J$3=0,$E4,INDEX(Resources!$B$2:$F$10,MATCH(CHOOSE(Weights!$J$3,$B4,$C4,$D4),Resources!$A$2:$A$10,0),MATCH(Weights!$K$3,Resources!$B$1:$F$1,0))))/10 -> 62.766667 | K4: =IF(J4<40,"Poor",IF(J4<55,"Basic",IF(J4<70,"Solid",IF(J4<85,"Strong",IF(J4<95,"Excellent","Exceptional"))))) -> Solid | L4: Wear Control | M4: =(Weights!$C$4*IF(Weights!$D$4=0,$E4,INDEX(Resources!$B$2:$F$10,MATCH(CHOOSE(Weights!$D$4,$B4,$C4,$D4),Resources!$A$2:$A$10,0),MATCH(Weights!$E$4,Resources!$B$1:$F$1,0)))+Weights!$F$4*IF(Weights!$G$4=0,$E4,INDEX(Resources!$B$2:$F$10,MATCH(CHOOSE(Weights!$G$4,$B4,$C4,$D4),Resources!$A$2:$A$10,0),MATCH(Weights!$H$4,Resources!$B$1:$F$1,0)))+Weights!$I$4*IF(Weights!$J$4=0,$E4,INDEX(Resources!$B$2:$F$10,MATCH(CHOOSE(Weights!$J$4,$B4,$C4,$D4),Resources!$A$2:$A$10,0),MATCH(Weights!$K$4,Resources!$B$1:$F$1,0))))/10 -> 59.466667 | N4: =IF(M4<40,"Poor",IF(M4<55,"Basic",IF(M4<70,"Solid",IF(M4<85,"Strong",IF(M4<95,"Excellent","Exceptional"))))) -> Solid | O4: =MIN(100,MAX(G4,J4,M4)*(1+0.05*3)) -> 72.181667 | P4: =IF(O4<40,"Poor",IF(O4<55,"Basic",IF(O4<70,"Solid",IF(O4<85,"Strong",IF(O4<95,"Excellent","Exceptional"))))) -> Strong
A5: Basic Drill Head | B5: Keth Iron | C5: Veyrith Copper | D5: Pale Ember Crystal | E5: =AVERAGE(INDEX(Resources!$B$2:$F$10,MATCH($B5,Resources!$A$2:$A$10,0),1),INDEX(Resources!$B$2:$F$10,MATCH($C5,Resources!$A$2:$A$10,0),1),INDEX(Resources!$B$2:$F$10,MATCH($D5,Resources!$A$2:$A$10,0),1)) -> 673.33333 | F5: Extraction Rate | G5: =(Weights!$C$2*IF(Weights!$D$2=0,$E5,INDEX(Resources!$B$2:$F$10,MATCH(CHOOSE(Weights!$D$2,$B5,$C5,$D5),Resources!$A$2:$A$10,0),MATCH(Weights!$E$2,Resources!$B$1:$F$1,0)))+Weights!$F$2*IF(Weights!$G$2=0,$E5,INDEX(Resources!$B$2:$F$10,MATCH(CHOOSE(Weights!$G$2,$B5,$C5,$D5),Resources!$A$2:$A$10,0),MATCH(Weights!$H$2,Resources!$B$1:$F$1,0)))+Weights!$I$2*IF(Weights!$J$2=0,$E5,INDEX(Resources!$B$2:$F$10,MATCH(CHOOSE(Weights!$J$2,$B5,$C5,$D5),Resources!$A$2:$A$10,0),MATCH(Weights!$K$2,Resources!$B$1:$F$1,0))))/10 -> 73.866667 | H5: =IF(G5<40,"Poor",IF(G5<55,"Basic",IF(G5<70,"Solid",IF(G5<85,"Strong",IF(G5<95,"Excellent","Exceptional"))))) -> Strong | I5: Depth Access | J5: =(Weights!$C$3*IF(Weights!$D$3=0,$E5,INDEX(Resources!$B$2:$F$10,MATCH(CHOOSE(Weights!$D$3,$B5,$C5,$D5),Resources!$A$2:$A$10,0),MATCH(Weights!$E$3,Resources!$B$1:$F$1,0)))+Weights!$F$3*IF(Weights!$G$3=0,$E5,INDEX(Resources!$B$2:$F$10,MATCH(CHOOSE(Weights!$G$3,$B5,$C5,$D5),Resources!$A$2:$A$10,0),MATCH(Weights!$H$3,Resources!$B$1:$F$1,0)))+Weights!$I$3*IF(Weights!$J$3=0,$E5,INDEX(Resources!$B$2:$F$10,MATCH(CHOOSE(Weights!$J$3,$B5,$C5,$D5),Resources!$A$2:$A$10,0),MATCH(Weights!$K$3,Resources!$B$1:$F$1,0))))/10 -> 72.366667 | K5: =IF(J5<40,"Poor",IF(J5<55,"Basic",IF(J5<70,"Solid",IF(J5<85,"Strong",IF(J5<95,"Excellent","Exceptional"))))) -> Strong | L5: Wear Control | M5: =(Weights!$C$4*IF(Weights!$D$4=0,$E5,INDEX(Resources!$B$2:$F$10,MATCH(CHOOSE(Weights!$D$4,$B5,$C5,$D5),Resources!$A$2:$A$10,0),MATCH(Weights!$E$4,Resources!$B$1:$F$1,0)))+Weights!$F$4*IF(Weights!$G$4=0,$E5,INDEX(Resources!$B$2:$F$10,MATCH(CHOOSE(Weights!$G$4,$B5,$C5,$D5),Resources!$A$2:$A$10,0),MATCH(Weights!$H$4,Resources!$B$1:$F$1,0)))+Weights!$I$4*IF(Weights!$J$4=0,$E5,INDEX(Resources!$B$2:$F$10,MATCH(CHOOSE(Weights!$J$4,$B5,$C5,$D5),Resources!$A$2:$A$10,0),MATCH(Weights!$K$4,Resources!$B$1:$F$1,0))))/10 -> 72.666667 | N5: =IF(M5<40,"Poor",IF(M5<55,"Basic",IF(M5<70,"Solid",IF(M5<85,"Strong",IF(M5<95,"Excellent","Exceptional"))))) -> Strong | O5: =MIN(100,MAX(G5,J5,M5)*(1+0.05*3)) -> 84.946667 | P5: =IF(O5<40,"Poor",IF(O5<55,"Basic",IF(O5<70,"Solid",IF(O5<85,"Strong",IF(O5<95,"Excellent","Exceptional"))))) -> Strong
A6: Basic Drill Head | B6: Keth Iron | C6: Veyrith Copper | D6: Thornwake Crystal | E6: =AVERAGE(INDEX(Resources!$B$2:$F$10,MATCH($B6,Resources!$A$2:$A$10,0),1),INDEX(Resources!$B$2:$F$10,MATCH($C6,Resources!$A$2:$A$10,0),1),INDEX(Resources!$B$2:$F$10,MATCH($D6,Resources!$A$2:$A$10,0),1)) -> 643.33333 | F6: Extraction Rate | G6: =(Weights!$C$2*IF(Weights!$D$2=0,$E6,INDEX(Resources!$B$2:$F$10,MATCH(CHOOSE(Weights!$D$2,$B6,$C6,$D6),Resources!$A$2:$A$10,0),MATCH(Weights!$E$2,Resources!$B$1:$F$1,0)))+Weights!$F$2*IF(Weights!$G$2=0,$E6,INDEX(Resources!$B$2:$F$10,MATCH(CHOOSE(Weights!$G$2,$B6,$C6,$D6),Resources!$A$2:$A$10,0),MATCH(Weights!$H$2,Resources!$B$1:$F$1,0)))+Weights!$I$2*IF(Weights!$J$2=0,$E6,INDEX(Resources!$B$2:$F$10,MATCH(CHOOSE(Weights!$J$2,$B6,$C6,$D6),Resources!$A$2:$A$10,0),MATCH(Weights!$K$2,Resources!$B$1:$F$1,0))))/10 -> 73.266667 | H6: =IF(G6<40,"Poor",IF(G6<55,"Basic",IF(G6<70,"Solid",IF(G6<85,"Strong",IF(G6<95,"Excellent","Exceptional"))))) -> Strong | I6: Depth Access | J6: =(Weights!$C$3*IF(Weights!$D$3=0,$E6,INDEX(Resources!$B$2:$F$10,MATCH(CHOOSE(Weights!$D$3,$B6,$C6,$D6),Resources!$A$2:$A$10,0),MATCH(Weights!$E$3,Resources!$B$1:$F$1,0)))+Weights!$F$3*IF(Weights!$G$3=0,$E6,INDEX(Resources!$B$2:$F$10,MATCH(CHOOSE(Weights!$G$3,$B6,$C6,$D6),Resources!$A$2:$A$10,0),MATCH(Weights!$H$3,Resources!$B$1:$F$1,0)))+Weights!$I$3*IF(Weights!$J$3=0,$E6,INDEX(Resources!$B$2:$F$10,MATCH(CHOOSE(Weights!$J$3,$B6,$C6,$D6),Resources!$A$2:$A$10,0),MATCH(Weights!$K$3,Resources!$B$1:$F$1,0))))/10 -> 51.666667 | K6: =IF(J6<40,"Poor",IF(J6<55,"Basic",IF(J6<70,"Solid",IF(J6<85,"Strong",IF(J6<95,"Excellent","Exceptional"))))) -> Basic | L6: Wear Control | M6: =(Weights!$C$4*IF(Weights!$D$4=0,$E6,INDEX(Resources!$B$2:$F$10,MATCH(CHOOSE(Weights!$D$4,$B6,$C6,$D6),Resources!$A$2:$A$10,0),MATCH(Weights!$E$4,Resources!$B$1:$F$1,0)))+Weights!$F$4*IF(Weights!$G$4=0,$E6,INDEX(Resources!$B$2:$F$10,MATCH(CHOOSE(Weights!$G$4,$B6,$C6,$D6),Resources!$A$2:$A$10,0),MATCH(Weights!$H$4,Resources!$B$1:$F$1,0)))+Weights!$I$4*IF(Weights!$J$4=0,$E6,INDEX(Resources!$B$2:$F$10,MATCH(CHOOSE(Weights!$J$4,$B6,$C6,$D6),Resources!$A$2:$A$10,0),MATCH(Weights!$K$4,Resources!$B$1:$F$1,0))))/10 -> 41.916667 | N6: =IF(M6<40,"Poor",IF(M6<55,"Basic",IF(M6<70,"Solid",IF(M6<85,"Strong",IF(M6<95,"Excellent","Exceptional"))))) -> Basic | O6: =MIN(100,MAX(G6,J6,M6)*(1+0.05*3)) -> 84.256667 | P6: =IF(O6<40,"Poor",IF(O6<55,"Basic",IF(O6<70,"Solid",IF(O6<85,"Strong",IF(O6<95,"Excellent","Exceptional"))))) -> Strong
A7: Basic Drill Head | B7: Keth Iron | C7: Veyrith Copper | D7: Glimmerfall Shard | E7: =AVERAGE(INDEX(Resources!$B$2:$F$10,MATCH($B7,Resources!$A$2:$A$10,0),1),INDEX(Resources!$B$2:$F$10,MATCH($C7,Resources!$A$2:$A$10,0),1),INDEX(Resources!$B$2:$F$10,MATCH($D7,Resources!$A$2:$A$10,0),1)) -> 713.33333 | F7: Extraction Rate | G7: =(Weights!$C$2*IF(Weights!$D$2=0,$E7,INDEX(Resources!$B$2:$F$10,MATCH(CHOOSE(Weights!$D$2,$B7,$C7,$D7),Resources!$A$2:$A$10,0),MATCH(Weights!$E$2,Resources!$B$1:$F$1,0)))+Weights!$F$2*IF(Weights!$G$2=0,$E7,INDEX(Resources!$B$2:$F$10,MATCH(CHOOSE(Weights!$G$2,$B7,$C7,$D7),Resources!$A$2:$A$10,0),MATCH(Weights!$H$2,Resources!$B$1:$F$1,0)))+Weights!$I$2*IF(Weights!$J$2=0,$E7,INDEX(Resources!$B$2:$F$10,MATCH(CHOOSE(Weights!$J$2,$B7,$C7,$D7),Resources!$A$2:$A$10,0),MATCH(Weights!$K$2,Resources!$B$1:$F$1,0))))/10 -> 74.666667 | H7: =IF(G7<40,"Poor",IF(G7<55,"Basic",IF(G7<70,"Solid",IF(G7<85,"Strong",IF(G7<95,"Excellent","Exceptional"))))) -> Strong | I7: Depth Access | J7: =(Weights!$C$3*IF(Weights!$D$3=0,$E7,INDEX(Resources!$B$2:$F$10,MATCH(CHOOSE(Weights!$D$3,$B7,$C7,$D7),Resources!$A$2:$A$10,0),MATCH(Weights!$E$3,Resources!$B$1:$F$1,0)))+Weights!$F$3*IF(Weights!$G$3=0,$E7,INDEX(Resources!$B$2:$F$10,MATCH(CHOOSE(Weights!$G$3,$B7,$C7,$D7),Resources!$A$2:$A$10,0),MATCH(Weights!$H$3,Resources!$B$1:$F$1,0)))+Weights!$I$3*IF(Weights!$J$3=0,$E7,INDEX(Resources!$B$2:$F$10,MATCH(CHOOSE(Weights!$J$3,$B7,$C7,$D7),Resources!$A$2:$A$10,0),MATCH(Weights!$K$3,Resources!$B$1:$F$1,0))))/10 -> 65.966667 | K7: =IF(J7<40,"Poor",IF(J7<55,"Basic",IF(J7<70,"Solid",IF(J7<85,"Strong",IF(J7<95,"Excellent","Exceptional"))))) -> Solid | L7: Wear Control | M7: =(Weights!$C$4*IF(Weights!$D$4=0,$E7,INDEX(Resources!$B$2:$F$10,MATCH(CHOOSE(Weights!$D$4,$B7,$C7,$D7),Resources!$A$2:$A$10,0),MATCH(Weights!$E$4,Resources!$B$1:$F$1,0)))+Weights!$F$4*IF(Weights!$G$4=0,$E7,INDEX(Resources!$B$2:$F$10,MATCH(CHOOSE(Weights!$G$4,$B7,$C7,$D7),Resources!$A$2:$A$10,0),MATCH(Weights!$H$4,Resources!$B$1:$F$1,0)))+Weights!$I$4*IF(Weights!$J$4=0,$E7,INDEX(Resources!$B$2:$F$10,MATCH(CHOOSE(Weights!$J$4,$B7,$C7,$D7),Resources!$A$2:$A$10,0),MATCH(Weights!$K$4,Resources!$B$1:$F$1,0))))/10 -> 62.666667 | N7: =IF(M7<40,"Poor",IF(M7<55,"Basic",IF(M7<70,"Solid",IF(M7<85,"Strong",IF(M7<95,"Excellent","Exceptional"))))) -> Solid | O7: =MIN(100,MAX(G7,J7,M7)*(1+0.05*3)) -> 85.866667 | P7: =IF(O7<40,"Poor",IF(O7<55,"Basic",IF(O7<70,"Solid",IF(O7<85,"Strong",IF(O7<95,"Excellent","Exceptional"))))) -> Excellent
A8: Basic Drill Head | B8: Keth Iron | C8: Sorrel Vein Copper | D8: Pale Ember Crystal | E8: =AVERAGE(INDEX(Resources!$B$2:$F$10,MATCH($B8,Resources!$A$2:$A$10,0),1),INDEX(Resources!$B$2:$F$10,MATCH($C8,Resources!$A$2:$A$10,0),1),INDEX(Resources!$B$2:$F$10,MATCH($D8,Resources!$A$2:$A$10,0),1)) -> 586.66667 | F8: Extraction Rate | G8: =(Weights!$C$2*IF(Weights!$D$2=0,$E8,INDEX(Resources!$B$2:$F$10,MATCH(CHOOSE(Weights!$D$2,$B8,$C8,$D8),Resources!$A$2:$A$10,0),MATCH(Weights!$E$2,Resources!$B$1:$F$1,0)))+Weights!$F$2*IF(Weights!$G$2=0,$E8,INDEX(Resources!$B$2:$F$10,MATCH(CHOOSE(Weights!$G$2,$B8,$C8,$D8),Resources!$A$2:$A$10,0),MATCH(Weights!$H$2,Resources!$B$1:$F$1,0)))+Weights!$I$2*IF(Weights!$J$2=0,$E8,INDEX(Resources!$B$2:$F$10,MATCH(CHOOSE(Weights!$J$2,$B8,$C8,$D8),Resources!$A$2:$A$10,0),MATCH(Weights!$K$2,Resources!$B$1:$F$1,0))))/10 -> 63.433333 | H8: =IF(G8<40,"Poor",IF(G8<55,"Basic",IF(G8<70,"Solid",IF(G8<85,"Strong",IF(G8<95,"Excellent","Exceptional"))))) -> Solid | I8: Depth Access | J8: =(Weights!$C$3*IF(Weights!$D$3=0,$E8,INDEX(Resources!$B$2:$F$10,MATCH(CHOOSE(Weights!$D$3,$B8,$C8,$D8),Resources!$A$2:$A$10,0),MATCH(Weights!$E$3,Resources!$B$1:$F$1,0)))+Weights!$F$3*IF(Weights!$G$3=0,$E8,INDEX(Resources!$B$2:$F$10,MATCH(CHOOSE(Weights!$G$3,$B8,$C8,$D8),Resources!$A$2:$A$10,0),MATCH(Weights!$H$3,Resources!$B$1:$F$1,0)))+Weights!$I$3*IF(Weights!$J$3=0,$E8,INDEX(Resources!$B$2:$F$10,MATCH(CHOOSE(Weights!$J$3,$B8,$C8,$D8),Resources!$A$2:$A$10,0),MATCH(Weights!$K$3,Resources!$B$1:$F$1,0))))/10 -> 70.633333 | K8: =IF(J8<40,"Poor",IF(J8<55,"Basic",IF(J8<70,"Solid",IF(J8<85,"Strong",IF(J8<95,"Excellent","Exceptional"))))) -> Strong | L8: Wear Control | M8: =(Weights!$C$4*IF(Weights!$D$4=0,$E8,INDEX(Resources!$B$2:$F$10,MATCH(CHOOSE(Weights!$D$4,$B8,$C8,$D8),Resources!$A$2:$A$10,0),MATCH(Weights!$E$4,Resources!$B$1:$F$1,0)))+Weights!$F$4*IF(Weights!$G$4=0,$E8,INDEX(Resources!$B$2:$F$10,MATCH(CHOOSE(Weights!$G$4,$B8,$C8,$D8),Resources!$A$2:$A$10,0),MATCH(Weights!$H$4,Resources!$B$1:$F$1,0)))+Weights!$I$4*IF(Weights!$J$4=0,$E8,INDEX(Resources!$B$2:$F$10,MATCH(CHOOSE(Weights!$J$4,$B8,$C8,$D8),Resources!$A$2:$A$10,0),MATCH(Weights!$K$4,Resources!$B$1:$F$1,0))))/10 -> 70.933333 | N8: =IF(M8<40,"Poor",IF(M8<55,"Basic",IF(M8<70,"Solid",IF(M8<85,"Strong",IF(M8<95,"Excellent","Exceptional"))))) -> Strong | O8: =MIN(100,MAX(G8,J8,M8)*(1+0.05*3)) -> 81.573333 | P8: =IF(O8<40,"Poor",IF(O8<55,"Basic",IF(O8<70,"Solid",IF(O8<85,"Strong",IF(O8<95,"Excellent","Exceptional"))))) -> Strong
A9: Basic Drill Head | B9: Keth Iron | C9: Sorrel Vein Copper | D9: Thornwake Crystal | E9: =AVERAGE(INDEX(Resources!$B$2:$F$10,MATCH($B9,Resources!$A$2:$A$10,0),1),INDEX(Resources!$B$2:$F$10,MATCH($C9,Resources!$A$2:$A$10,0),1),INDEX(Resources!$B$2:$F$10,MATCH($D9,Resources!$A$2:$A$10,0),1)) -> 556.66667 | F9: Extraction Rate | G9: =(Weights!$C$2*IF(Weights!$D$2=0,$E9,INDEX(Resources!$B$2:$F$10,MATCH(CHOOSE(Weights!$D$2,$B9,$C9,$D9),Resources!$A$2:$A$10,0),MATCH(Weights!$E$2,Resources!$B$1:$F$1,0)))+Weights!$F$2*IF(Weights!$G$2=0,$E9,INDEX(Resources!$B$2:$F$10,MATCH(CHOOSE(Weights!$G$2,$B9,$C9,$D9),Resources!$A$2:$A$10,0),MATCH(Weights!$H$2,Resources!$B$1:$F$1,0)))+Weights!$I$2*IF(Weights!$J$2=0,$E9,INDEX(Resources!$B$2:$F$10,MATCH(CHOOSE(Weights!$J$2,$B9,$C9,$D9),Resources!$A$2:$A$10,0),MATCH(Weights!$K$2,Resources!$B$1:$F$1,0))))/10 -> 62.833333 | H9: =IF(G9<40,"Poor",IF(G9<55,"Basic",IF(G9<70,"Solid",IF(G9<85,"Strong",IF(G9<95,"Excellent","Exceptional"))))) -> Solid | I9: Depth Access | J9: =(Weights!$C$3*IF(Weights!$D$3=0,$E9,INDEX(Resources!$B$2:$F$10,MATCH(CHOOSE(Weights!$D$3,$B9,$C9,$D9),Resources!$A$2:$A$10,0),MATCH(Weights!$E$3,Resources!$B$1:$F$1,0)))+Weights!$F$3*IF(Weights!$G$3=0,$E9,INDEX(Resources!$B$2:$F$10,MATCH(CHOOSE(Weights!$G$3,$B9,$C9,$D9),Resources!$A$2:$A$10,0),MATCH(Weights!$H$3,Resources!$B$1:$F$1,0)))+Weights!$I$3*IF(Weights!$J$3=0,$E9,INDEX(Resources!$B$2:$F$10,MATCH(CHOOSE(Weights!$J$3,$B9,$C9,$D9),Resources!$A$2:$A$10,0),MATCH(Weights!$K$3,Resources!$B$1:$F$1,0))))/10 -> 49.933333 | K9: =IF(J9<40,"Poor",IF(J9<55,"Basic",IF(J9<70,"Solid",IF(J9<85,"Strong",IF(J9<95,"Excellent","Exceptional"))))) -> Basic | L9: Wear Control | M9: =(Weights!$C$4*IF(Weights!$D$4=0,$E9,INDEX(Resources!$B$2:$F$10,MATCH(CHOOSE(Weights!$D$4,$B9,$C9,$D9),Resources!$A$2:$A$10,0),MATCH(Weights!$E$4,Resources!$B$1:$F$1,0)))+Weights!$F$4*IF(Weights!$G$4=0,$E9,INDEX(Resources!$B$2:$F$10,MATCH(CHOOSE(Weights!$G$4,$B9,$C9,$D9),Resources!$A$2:$A$10,0),MATCH(Weights!$H$4,Resources!$B$1:$F$1,0)))+Weights!$I$4*IF(Weights!$J$4=0,$E9,INDEX(Resources!$B$2:$F$10,MATCH(CHOOSE(Weights!$J$4,$B9,$C9,$D9),Resources!$A$2:$A$10,0),MATCH(Weights!$K$4,Resources!$B$1:$F$1,0))))/10 -> 40.183333 | N9: =IF(M9<40,"Poor",IF(M9<55,"Basic",IF(M9<70,"Solid",IF(M9<85,"Strong",IF(M9<95,"Excellent","Exceptional"))))) -> Basic | O9: =MIN(100,MAX(G9,J9,M9)*(1+0.05*3)) -> 72.258333 | P9: =IF(O9<40,"Poor",IF(O9<55,"Basic",IF(O9<70,"Solid",IF(O9<85,"Strong",IF(O9<95,"Excellent","Exceptional"))))) -> Strong
A10: Basic Drill Head | B10: Keth Iron | C10: Sorrel Vein Copper | D10: Glimmerfall Shard | E10: =AVERAGE(INDEX(Resources!$B$2:$F$10,MATCH($B10,Resources!$A$2:$A$10,0),1),INDEX(Resources!$B$2:$F$10,MATCH($C10,Resources!$A$2:$A$10,0),1),INDEX(Resources!$B$2:$F$10,MATCH($D10,Resources!$A$2:$A$10,0),1)) -> 626.66667 | F10: Extraction Rate | G10: =(Weights!$C$2*IF(Weights!$D$2=0,$E10,INDEX(Resources!$B$2:$F$10,MATCH(CHOOSE(Weights!$D$2,$B10,$C10,$D10),Resources!$A$2:$A$10,0),MATCH(Weights!$E$2,Resources!$B$1:$F$1,0)))+Weights!$F$2*IF(Weights!$G$2=0,$E10,INDEX(Resources!$B$2:$F$10,MATCH(CHOOSE(Weights!$G$2,$B10,$C10,$D10),Resources!$A$2:$A$10,0),MATCH(Weights!$H$2,Resources!$B$1:$F$1,0)))+Weights!$I$2*IF(Weights!$J$2=0,$E10,INDEX(Resources!$B$2:$F$10,MATCH(CHOOSE(Weights!$J$2,$B10,$C10,$D10),Resources!$A$2:$A$10,0),MATCH(Weights!$K$2,Resources!$B$1:$F$1,0))))/10 -> 64.233333 | H10: =IF(G10<40,"Poor",IF(G10<55,"Basic",IF(G10<70,"Solid",IF(G10<85,"Strong",IF(G10<95,"Excellent","Exceptional"))))) -> Solid | I10: Depth Access | J10: =(Weights!$C$3*IF(Weights!$D$3=0,$E10,INDEX(Resources!$B$2:$F$10,MATCH(CHOOSE(Weights!$D$3,$B10,$C10,$D10),Resources!$A$2:$A$10,0),MATCH(Weights!$E$3,Resources!$B$1:$F$1,0)))+Weights!$F$3*IF(Weights!$G$3=0,$E10,INDEX(Resources!$B$2:$F$10,MATCH(CHOOSE(Weights!$G$3,$B10,$C10,$D10),Resources!$A$2:$A$10,0),MATCH(Weights!$H$3,Resources!$B$1:$F$1,0)))+Weights!$I$3*IF(Weights!$J$3=0,$E10,INDEX(Resources!$B$2:$F$10,MATCH(CHOOSE(Weights!$J$3,$B10,$C10,$D10),Resources!$A$2:$A$10,0),MATCH(Weights!$K$3,Resources!$B$1:$F$1,0))))/10 -> 64.233333 | K10: =IF(J10<40,"Poor",IF(J10<55,"Basic",IF(J10<70,"Solid",IF(J10<85,"Strong",IF(J10<95,"Excellent","Exceptional"))))) -> Solid | L10: Wear Control | M10: =(Weights!$C$4*IF(Weights!$D$4=0,$E10,INDEX(Resources!$B$2:$F$10,MATCH(CHOOSE(Weights!$D$4,$B10,$C10,$D10),Resources!$A$2:$A$10,0),MATCH(Weights!$E$4,Resources!$B$1:$F$1,0)))+Weights!$F$4*IF(Weights!$G$4=0,$E10,INDEX(Resources!$B$2:$F$10,MATCH(CHOOSE(Weights!$G$4,$B10,$C10,$D10),Resources!$A$2:$A$10,0),MATCH(Weights!$H$4,Resources!$B$1:$F$1,0)))+Weights!$I$4*IF(Weights!$J$4=0,$E10,INDEX(Resources!$B$2:$F$10,MATCH(CHOOSE(Weights!$J$4,$B10,$C10,$D10),Resources!$A$2:$A$10,0),MATCH(Weights!$K$4,Resources!$B$1:$F$1,0))))/10 -> 60.933333 | N10: =IF(M10<40,"Poor",IF(M10<55,"Basic",IF(M10<70,"Solid",IF(M10<85,"Strong",IF(M10<95,"Excellent","Exceptional"))))) -> Solid | O10: =MIN(100,MAX(G10,J10,M10)*(1+0.05*3)) -> 73.868333 | P10: =IF(O10<40,"Poor",IF(O10<55,"Basic",IF(O10<70,"Solid",IF(O10<85,"Strong",IF(O10<95,"Excellent","Exceptional"))))) -> Strong
A11: Basic Drill Head | B11: Asterion Frame Alloy | C11: Red Mesa Conductive Slag | D11: Pale Ember Crystal | E11: =AVERAGE(INDEX(Resources!$B$2:$F$10,MATCH($B11,Resources!$A$2:$A$10,0),1),INDEX(Resources!$B$2:$F$10,MATCH($C11,Resources!$A$2:$A$10,0),1),INDEX(Resources!$B$2:$F$10,MATCH($D11,Resources!$A$2:$A$10,0),1)) -> 570 | F11: Extraction Rate | G11: =(Weights!$C$2*IF(Weights!$D$2=0,$E11,INDEX(Resources!$B$2:$F$10,MATCH(CHOOSE(Weights!$D$2,$B11,$C11,$D11),Resources!$A$2:$A$10,0),MATCH(Weights!$E$2,Resources!$B$1:$F$1,0)))+Weights!$F$2*IF(Weights!$G$2=0,$E11,INDEX(Resources!$B$2:$F$10,MATCH(CHOOSE(Weights!$G$2,$B11,$C11,$D11),Resources!$A$2:$A$10,0),MATCH(Weights!$H$2,Resources!$B$1:$F$1,0)))+Weights!$I$2*IF(Weights!$J$2=0,$E11,INDEX(Resources!$B$2:$F$10,MATCH(CHOOSE(Weights!$J$2,$B11,$C11,$D11),Resources!$A$2:$A$10,0),MATCH(Weights!$K$2,Resources!$B$1:$F$1,0))))/10 -> 72.2 | H11: =IF(G11<40,"Poor",IF(G11<55,"Basic",IF(G11<70,"Solid",IF(G11<85,"Strong",IF(G11<95,"Excellent","Exceptional"))))) -> Strong | I11: Depth Access | J11: =(Weights!$C$3*IF(Weights!$D$3=0,$E11,INDEX(Resources!$B$2:$F$10,MATCH(CHOOSE(Weights!$D$3,$B11,$C11,$D11),Resources!$A$2:$A$10,0),MATCH(Weights!$E$3,Resources!$B$1:$F$1,0)))+Weights!$F$3*IF(Weights!$G$3=0,$E11,INDEX(Resources!$B$2:$F$10,MATCH(CHOOSE(Weights!$G$3,$B11,$C11,$D11),Resources!$A$2:$A$10,0),MATCH(Weights!$H$3,Resources!$B$1:$F$1,0)))+Weights!$I$3*IF(Weights!$J$3=0,$E11,INDEX(Resources!$B$2:$F$10,MATCH(CHOOSE(Weights!$J$3,$B11,$C11,$D11),Resources!$A$2:$A$10,0),MATCH(Weights!$K$3,Resources!$B$1:$F$1,0))))/10 -> 80.3 | K11: =IF(J11<40,"Poor",IF(J11<55,"Basic",IF(J11<70,"Solid",IF(J11<85,"Strong",IF(J11<95,"Excellent","Exceptional"))))) -> Strong | L11: Wear Control | M11: =(Weights!$C$4*IF(Weights!$D$4=0,$E11,INDEX(Resources!$B$2:$F$10,MATCH(CHOOSE(Weights!$D$4,$B11,$C11,$D11),Resources!$A$2:$A$10,0),MATCH(Weights!$E$4,Resources!$B$1:$F$1,0)))+Weights!$F$4*IF(Weights!$G$4=0,$E11,INDEX(Resources!$B$2:$F$10,MATCH(CHOOSE(Weights!$G$4,$B11,$C11,$D11),Resources!$A$2:$A$10,0),MATCH(Weights!$H$4,Resources!$B$1:$F$1,0)))+Weights!$I$4*IF(Weights!$J$4=0,$E11,INDEX(Resources!$B$2:$F$10,MATCH(CHOOSE(Weights!$J$4,$B11,$C11,$D11),Resources!$A$2:$A$10,0),MATCH(Weights!$K$4,Resources!$B$1:$F$1,0))))/10 -> 77.6 | N11: =IF(M11<40,"Poor",IF(M11<55,"Basic",IF(M11<70,"Solid",IF(M11<85,"Strong",IF(M11<95,"Excellent","Exceptional"))))) -> Strong | O11: =MIN(100,MAX(G11,J11,M11)*(1+0.05*3)) -> 92.345 | P11: =IF(O11<40,"Poor",IF(O11<55,"Basic",IF(O11<70,"Solid",IF(O11<85,"Strong",IF(O11<95,"Excellent","Exceptional"))))) -> Excellent
A12: Basic Drill Head | B12: Asterion Frame Alloy | C12: Red Mesa Conductive Slag | D12: Thornwake Crystal | E12: =AVERAGE(INDEX(Resources!$B$2:$F$10,MATCH($B12,Resources!$A$2:$A$10,0),1),INDEX(Resources!$B$2:$F$10,MATCH($C12,Resources!$A$2:$A$10,0),1),INDEX(Resources!$B$2:$F$10,MATCH($D12,Resources!$A$2:$A$10,0),1)) -> 540 | F12: Extraction Rate | G12: =(Weights!$C$2*IF(Weights!$D$2=0,$E12,INDEX(Resources!$B$2:$F$10,MATCH(CHOOSE(Weights!$D$2,$B12,$C12,$D12),Resources!$A$2:$A$10,0),MATCH(Weights!$E$2,Resources!$B$1:$F$1,0)))+Weights!$F$2*IF(Weights!$G$2=0,$E12,INDEX(Resources!$B$2:$F$10,MATCH(CHOOSE(Weights!$G$2,$B12,$C12,$D12),Resources!$A$2:$A$10,0),MATCH(Weights!$H$2,Resources!$B$1:$F$1,0)))+Weights!$I$2*IF(Weights!$J$2=0,$E12,INDEX(Resources!$B$2:$F$10,MATCH(CHOOSE(Weights!$J$2,$B12,$C12,$D12),Resources!$A$2:$A$10,0),MATCH(Weights!$K$2,Resources!$B$1:$F$1,0))))/10 -> 71.6 | H12: =IF(G12<40,"Poor",IF(G12<55,"Basic",IF(G12<70,"Solid",IF(G12<85,"Strong",IF(G12<95,"Excellent","Exceptional"))))) -> Strong | I12: Depth Access | J12: =(Weights!$C$3*IF(Weights!$D$3=0,$E12,INDEX(Resources!$B$2:$F$10,MATCH(CHOOSE(Weights!$D$3,$B12,$C12,$D12),Resources!$A$2:$A$10,0),MATCH(Weights!$E$3,Resources!$B$1:$F$1,0)))+Weights!$F$3*IF(Weights!$G$3=0,$E12,INDEX(Resources!$B$2:$F$10,MATCH(CHOOSE(Weights!$G$3,$B12,$C12,$D12),Resources!$A$2:$A$10,0),MATCH(Weights!$H$3,Resources!$B$1:$F$1,0)))+Weights!$I$3*IF(Weights!$J$3=0,$E12,INDEX(Resources!$B$2:$F$10,MATCH(CHOOSE(Weights!$J$3,$B12,$C12,$D12),Resources!$A$2:$A$10,0),MATCH(Weights!$K$3,Resources!$B$1:$F$1,0))))/10 -> 59.6 | K12: =IF(J12<40,"Poor",IF(J12<55,"Basic",IF(J12<70,"Solid",IF(J12<85,"Strong",IF(J12<95,"Excellent","Exceptional"))))) -> Solid | L12: Wear Control | M12: =(Weights!$C$4*IF(Weights!$D$4=0,$E12,INDEX(Resources!$B$2:$F$10,MATCH(CHOOSE(Weights!$D$4,$B12,$C12,$D12),Resources!$A$2:$A$10,0),MATCH(Weights!$E$4,Resources!$B$1:$F$1,0)))+Weights!$F$4*IF(Weights!$G$4=0,$E12,INDEX(Resources!$B$2:$F$10,MATCH(CHOOSE(Weights!$G$4,$B12,$C12,$D12),Resources!$A$2:$A$10,0),MATCH(Weights!$H$4,Resources!$B$1:$F$1,0)))+Weights!$I$4*IF(Weights!$J$4=0,$E12,INDEX(Resources!$B$2:$F$10,MATCH(CHOOSE(Weights!$J$4,$B12,$C12,$D12),Resources!$A$2:$A$10,0),MATCH(Weights!$K$4,Resources!$B$1:$F$1,0))))/10 -> 46.85 | N12: =IF(M12<40,"Poor",IF(M12<55,"Basic",IF(M12<70,"Solid",IF(M12<85,"Strong",IF(M12<95,"Excellent","Exceptional"))))) -> Basic | O12: =MIN(100,MAX(G12,J12,M12)*(1+0.05*3)) -> 82.34 | P12: =IF(O12<40,"Poor",IF(O12<55,"Basic",IF(O12<70,"Solid",IF(O12<85,"Strong",IF(O12<95,"Excellent","Exceptional"))))) -> Strong
A13: Basic Drill Head | B13: Asterion Frame Alloy | C13: Red Mesa Conductive Slag | D13: Glimmerfall Shard | E13: =AVERAGE(INDEX(Resources!$B$2:$F$10,MATCH($B13,Resources!$A$2:$A$10,0),1),INDEX(Resources!$B$2:$F$10,MATCH($C13,Resources!$A$2:$A$10,0),1),INDEX(Resources!$B$2:$F$10,MATCH($D13,Resources!$A$2:$A$10,0),1)) -> 610 | F13: Extraction Rate | G13: =(Weights!$C$2*IF(Weights!$D$2=0,$E13,INDEX(Resources!$B$2:$F$10,MATCH(CHOOSE(Weights!$D$2,$B13,$C13,$D13),Resources!$A$2:$A$10,0),MATCH(Weights!$E$2,Resources!$B$1:$F$1,0)))+Weights!$F$2*IF(Weights!$G$2=0,$E13,INDEX(Resources!$B$2:$F$10,MATCH(CHOOSE(Weights!$G$2,$B13,$C13,$D13),Resources!$A$2:$A$10,0),MATCH(Weights!$H$2,Resources!$B$1:$F$1,0)))+Weights!$I$2*IF(Weights!$J$2=0,$E13,INDEX(Resources!$B$2:$F$10,MATCH(CHOOSE(Weights!$J$2,$B13,$C13,$D13),Resources!$A$2:$A$10,0),MATCH(Weights!$K$2,Resources!$B$1:$F$1,0))))/10 -> 73 | H13: =IF(G13<40,"Poor",IF(G13<55,"Basic",IF(G13<70,"Solid",IF(G13<85,"Strong",IF(G13<95,"Excellent","Exceptional"))))) -> Strong | I13: Depth Access | J13: =(Weights!$C$3*IF(Weights!$D$3=0,$E13,INDEX(Resources!$B$2:$F$10,MATCH(CHOOSE(Weights!$D$3,$B13,$C13,$D13),Resources!$A$2:$A$10,0),MATCH(Weights!$E$3,Resources!$B$1:$F$1,0)))+Weights!$F$3*IF(Weights!$G$3=0,$E13,INDEX(Resources!$B$2:$F$10,MATCH(CHOOSE(Weights!$G$3,$B13,$C13,$D13),Resources!$A$2:$A$10,0),MATCH(Weights!$H$3,Resources!$B$1:$F$1,0)))+Weights!$I$3*IF(Weights!$J$3=0,$E13,INDEX(Resources!$B$2:$F$10,MATCH(CHOOSE(Weights!$J$3,$B13,$C13,$D13),Resources!$A$2:$A$10,0),MATCH(Weights!$K$3,Resources!$B$1:$F$1,0))))/10 -> 73.9 | K13: =IF(J13<40,"Poor",IF(J13<55,"Basic",IF(J13<70,"Solid",IF(J13<85,"Strong",IF(J13<95,"Excellent","Exceptional"))))) -> Strong | L13: Wear Control | M13: =(Weights!$C$4*IF(Weights!$D$4=0,$E13,INDEX(Resources!$B$2:$F$10,MATCH(CHOOSE(Weights!$D$4,$B13,$C13,$D13),Resources!$A$2:$A$10,0),MATCH(Weights!$E$4,Resources!$B$1:$F$1,0)))+Weights!$F$4*IF(Weights!$G$4=0,$E13,INDEX(Resources!$B$2:$F$10,MATCH(CHOOSE(Weights!$G$4,$B13,$C13,$D13),Resources!$A$2:$A$10,0),MATCH(Weights!$H$4,Resources!$B$1:$F$1,0)))+Weights!$I$4*IF(Weights!$J$4=0,$E13,INDEX(Resources!$B$2:$F$10,MATCH(CHOOSE(Weights!$J$4,$B13,$C13,$D13),Resources!$A$2:$A$10,0),MATCH(Weights!$K$4,Resources!$B$1:$F$1,0))))/10 -> 67.6 | N13: =IF(M13<40,"Poor",IF(M13<55,"Basic",IF(M13<70,"Solid",IF(M13<85,"Strong",IF(M13<95,"Excellent","Exceptional"))))) -> Solid | O13: =MIN(100,MAX(G13,J13,M13)*(1+0.05*3)) -> 84.985 | P13: =IF(O13<40,"Poor",IF(O13<55,"Basic",IF(O13<70,"Solid",IF(O13<85,"Strong",IF(O13<95,"Excellent","Exceptional"))))) -> Strong
... A28: Basic Drill Head | B28: Bendrel Ridge Alloy | C28: Sorrel Vein Copper | D28: Glimmerfall Shard | E28: =AVERAGE(INDEX(Resources!$B$2:$F$10,MATCH($B28,Resources!$A$2:$A$10,0),1),INDEX(Resources!$B$2:$F$10,MATCH($C28,Resources!$A$2:$A$10,0),1),INDEX(Resources!$B$2:$F$10,MATCH($D28,Resources!$A$2:$A$10,0),1)) -> 656.66667 | F28: Extraction Rate | G28: =(Weights!$C$2*IF(Weights!$D$2=0,$E28,INDEX(Resources!$B$2:$F$10,MATCH(CHOOSE(Weights!$D$2,$B28,$C28,$D28),Resources!$A$2:$A$10,0),MATCH(Weights!$E$2,Resources!$B$1:$F$1,0)))+Weights!$F$2*IF(Weights!$G$2=0,$E28,INDEX(Resources!$B$2:$F$10,MATCH(CHOOSE(Weights!$G$2,$B28,$C28,$D28),Resources!$A$2:$A$10,0),MATCH(Weights!$H$2,Resources!$B$1:$F$1,0)))+Weights!$I$2*IF(Weights!$J$2=0,$E28,INDEX(Resources!$B$2:$F$10,MATCH(CHOOSE(Weights!$J$2,$B28,$C28,$D28),Resources!$A$2:$A$10,0),MATCH(Weights!$K$2,Resources!$B$1:$F$1,0))))/10 -> 53.833333 | H28: =IF(G28<40,"Poor",IF(G28<55,"Basic",IF(G28<70,"Solid",IF(G28<85,"Strong",IF(G28<95,"Excellent","Exceptional"))))) -> Basic | I28: Depth Access | J28: =(Weights!$C$3*IF(Weights!$D$3=0,$E28,INDEX(Resources!$B$2:$F$10,MATCH(CHOOSE(Weights!$D$3,$B28,$C28,$D28),Resources!$A$2:$A$10,0),MATCH(Weights!$E$3,Resources!$B$1:$F$1,0)))+Weights!$F$3*IF(Weights!$G$3=0,$E28,INDEX(Resources!$B$2:$F$10,MATCH(CHOOSE(Weights!$G$3,$B28,$C28,$D28),Resources!$A$2:$A$10,0),MATCH(Weights!$H$3,Resources!$B$1:$F$1,0)))+Weights!$I$3*IF(Weights!$J$3=0,$E28,INDEX(Resources!$B$2:$F$10,MATCH(CHOOSE(Weights!$J$3,$B28,$C28,$D28),Resources!$A$2:$A$10,0),MATCH(Weights!$K$3,Resources!$B$1:$F$1,0))))/10 -> 53.833333 | K28: =IF(J28<40,"Poor",IF(J28<55,"Basic",IF(J28<70,"Solid",IF(J28<85,"Strong",IF(J28<95,"Excellent","Exceptional"))))) -> Basic | L28: Wear Control | M28: =(Weights!$C$4*IF(Weights!$D$4=0,$E28,INDEX(Resources!$B$2:$F$10,MATCH(CHOOSE(Weights!$D$4,$B28,$C28,$D28),Resources!$A$2:$A$10,0),MATCH(Weights!$E$4,Resources!$B$1:$F$1,0)))+Weights!$F$4*IF(Weights!$G$4=0,$E28,INDEX(Resources!$B$2:$F$10,MATCH(CHOOSE(Weights!$G$4,$B28,$C28,$D28),Resources!$A$2:$A$10,0),MATCH(Weights!$H$4,Resources!$B$1:$F$1,0)))+Weights!$I$4*IF(Weights!$J$4=0,$E28,INDEX(Resources!$B$2:$F$10,MATCH(CHOOSE(Weights!$J$4,$B28,$C28,$D28),Resources!$A$2:$A$10,0),MATCH(Weights!$K$4,Resources!$B$1:$F$1,0))))/10 -> 72.733333 | N28: =IF(M28<40,"Poor",IF(M28<55,"Basic",IF(M28<70,"Solid",IF(M28<85,"Strong",IF(M28<95,"Excellent","Exceptional"))))) -> Strong | O28: =MIN(100,MAX(G28,J28,M28)*(1+0.05*3)) -> 83.643333 | P28: =IF(O28<40,"Poor",IF(O28<55,"Basic",IF(O28<70,"Solid",IF(O28<85,"Strong",IF(O28<95,"Excellent","Exceptional"))))) -> Strong
A29: Efficient Pump | B29: Red Mesa Conductive Slag | C29: Keth Iron | D29: Pale Ember Crystal | E29: =AVERAGE(INDEX(Resources!$B$2:$F$10,MATCH($B29,Resources!$A$2:$A$10,0),1),INDEX(Resources!$B$2:$F$10,MATCH($C29,Resources!$A$2:$A$10,0),1),INDEX(Resources!$B$2:$F$10,MATCH($D29,Resources!$A$2:$A$10,0),1)) -> 513.33333 | F29: Recovery Efficiency | G29: =(Weights!$C$5*IF(Weights!$D$5=0,$E29,INDEX(Resources!$B$2:$F$10,MATCH(CHOOSE(Weights!$D$5,$B29,$C29,$D29),Resources!$A$2:$A$10,0),MATCH(Weights!$E$5,Resources!$B$1:$F$1,0)))+Weights!$F$5*IF(Weights!$G$5=0,$E29,INDEX(Resources!$B$2:$F$10,MATCH(CHOOSE(Weights!$G$5,$B29,$C29,$D29),Resources!$A$2:$A$10,0),MATCH(Weights!$H$5,Resources!$B$1:$F$1,0)))+Weights!$I$5*IF(Weights!$J$5=0,$E29,INDEX(Resources!$B$2:$F$10,MATCH(CHOOSE(Weights!$J$5,$B29,$C29,$D29),Resources!$A$2:$A$10,0),MATCH(Weights!$K$5,Resources!$B$1:$F$1,0))))/10 -> 57.316667 | H29: =IF(G29<40,"Poor",IF(G29<55,"Basic",IF(G29<70,"Solid",IF(G29<85,"Strong",IF(G29<95,"Excellent","Exceptional"))))) -> Solid | I29: Clog Resistance | J29: =(Weights!$C$6*IF(Weights!$D$6=0,$E29,INDEX(Resources!$B$2:$F$10,MATCH(CHOOSE(Weights!$D$6,$B29,$C29,$D29),Resources!$A$2:$A$10,0),MATCH(Weights!$E$6,Resources!$B$1:$F$1,0)))+Weights!$F$6*IF(Weights!$G$6=0,$E29,INDEX(Resources!$B$2:$F$10,MATCH(CHOOSE(Weights!$G$6,$B29,$C29,$D29),Resources!$A$2:$A$10,0),MATCH(Weights!$H$6,Resources!$B$1:$F$1,0)))+Weights!$I$6*IF(Weights!$J$6=0,$E29,INDEX(Resources!$B$2:$F$10,MATCH(CHOOSE(Weights!$J$6,$B29,$C29,$D29),Resources!$A$2:$A$10,0),MATCH(Weights!$K$6,Resources!$B$1:$F$1,0))))/10 -> 57.533333 | K29: =IF(J29<40,"Poor",IF(J29<55,"Basic",IF(J29<70,"Solid",IF(J29<85,"Strong",IF(J29<95,"Excellent","Exceptional"))))) -> Solid | L29: Field Stability | M29: =(Weights!$C$7*IF(Weights!$D$7=0,$E29,INDEX(Resources!$B$2:$F$10,MATCH(CHOOSE(Weights!$D$7,$B29,$C29,$D29),Resources!$A$2:$A$10,0),MATCH(Weights!$E$7,Resources!$B$1:$F$1,0)))+Weights!$F$7*IF(Weights!$G$7=0,$E29,INDEX(Resources!$B$2:$F$10,MATCH(CHOOSE(Weights!$G$7,$B29,$C29,$D29),Resources!$A$2:$A$10,0),MATCH(Weights!$H$7,Resources!$B$1:$F$1,0)))+Weights!$I$7*IF(Weights!$J$7=0,$E29,INDEX(Resources!$B$2:$F$10,MATCH(CHOOSE(Weights!$J$7,$B29,$C29,$D29),Resources!$A$2:$A$10,0),MATCH(Weights!$K$7,Resources!$B$1:$F$1,0))))/10 -> 63.516667 | N29: =IF(M29<40,"Poor",IF(M29<55,"Basic",IF(M29<70,"Solid",IF(M29<85,"Strong",IF(M29<95,"Excellent","Exceptional"))))) -> Solid | O29: =MIN(100,MAX(G29,J29,M29)*(1+0.05*3)) -> 73.044167 | P29: =IF(O29<40,"Poor",IF(O29<55,"Basic",IF(O29<70,"Solid",IF(O29<85,"Strong",IF(O29<95,"Excellent","Exceptional"))))) -> Strong
A30: Efficient Pump | B30: Red Mesa Conductive Slag | C30: Keth Iron | D30: Thornwake Crystal | E30: =AVERAGE(INDEX(Resources!$B$2:$F$10,MATCH($B30,Resources!$A$2:$A$10,0),1),INDEX(Resources!$B$2:$F$10,MATCH($C30,Resources!$A$2:$A$10,0),1),INDEX(Resources!$B$2:$F$10,MATCH($D30,Resources!$A$2:$A$10,0),1)) -> 483.33333 | F30: Recovery Efficiency | G30: =(Weights!$C$5*IF(Weights!$D$5=0,$E30,INDEX(Resources!$B$2:$F$10,MATCH(CHOOSE(Weights!$D$5,$B30,$C30,$D30),Resources!$A$2:$A$10,0),MATCH(Weights!$E$5,Resources!$B$1:$F$1,0)))+Weights!$F$5*IF(Weights!$G$5=0,$E30,INDEX(Resources!$B$2:$F$10,MATCH(CHOOSE(Weights!$G$5,$B30,$C30,$D30),Resources!$A$2:$A$10,0),MATCH(Weights!$H$5,Resources!$B$1:$F$1,0)))+Weights!$I$5*IF(Weights!$J$5=0,$E30,INDEX(Resources!$B$2:$F$10,MATCH(CHOOSE(Weights!$J$5,$B30,$C30,$D30),Resources!$A$2:$A$10,0),MATCH(Weights!$K$5,Resources!$B$1:$F$1,0))))/10 -> 56.716667 | H30: =IF(G30<40,"Poor",IF(G30<55,"Basic",IF(G30<70,"Solid",IF(G30<85,"Strong",IF(G30<95,"Excellent","Exceptional"))))) -> Solid | I30: Clog Resistance | J30: =(Weights!$C$6*IF(Weights!$D$6=0,$E30,INDEX(Resources!$B$2:$F$10,MATCH(CHOOSE(Weights!$D$6,$B30,$C30,$D30),Resources!$A$2:$A$10,0),MATCH(Weights!$E$6,Resources!$B$1:$F$1,0)))+Weights!$F$6*IF(Weights!$G$6=0,$E30,INDEX(Resources!$B$2:$F$10,MATCH(CHOOSE(Weights!$G$6,$B30,$C30,$D30),Resources!$A$2:$A$10,0),MATCH(Weights!$H$6,Resources!$B$1:$F$1,0)))+Weights!$I$6*IF(Weights!$J$6=0,$E30,INDEX(Resources!$B$2:$F$10,MATCH(CHOOSE(Weights!$J$6,$B30,$C30,$D30),Resources!$A$2:$A$10,0),MATCH(Weights!$K$6,Resources!$B$1:$F$1,0))))/10 -> 56.783333 | K30: =IF(J30<40,"Poor",IF(J30<55,"Basic",IF(J30<70,"Solid",IF(J30<85,"Strong",IF(J30<95,"Excellent","Exceptional"))))) -> Solid | L30: Field Stability | M30: =(Weights!$C$7*IF(Weights!$D$7=0,$E30,INDEX(Resources!$B$2:$F$10,MATCH(CHOOSE(Weights!$D$7,$B30,$C30,$D30),Resources!$A$2:$A$10,0),MATCH(Weights!$E$7,Resources!$B$1:$F$1,0)))+Weights!$F$7*IF(Weights!$G$7=0,$E30,INDEX(Resources!$B$2:$F$10,MATCH(CHOOSE(Weights!$G$7,$B30,$C30,$D30),Resources!$A$2:$A$10,0),MATCH(Weights!$H$7,Resources!$B$1:$F$1,0)))+Weights!$I$7*IF(Weights!$J$7=0,$E30,INDEX(Resources!$B$2:$F$10,MATCH(CHOOSE(Weights!$J$7,$B30,$C30,$D30),Resources!$A$2:$A$10,0),MATCH(Weights!$K$7,Resources!$B$1:$F$1,0))))/10 -> 32.766667 | N30: =IF(M30<40,"Poor",IF(M30<55,"Basic",IF(M30<70,"Solid",IF(M30<85,"Strong",IF(M30<95,"Excellent","Exceptional"))))) -> Poor | O30: =MIN(100,MAX(G30,J30,M30)*(1+0.05*3)) -> 65.300833 | P30: =IF(O30<40,"Poor",IF(O30<55,"Basic",IF(O30<70,"Solid",IF(O30<85,"Strong",IF(O30<95,"Excellent","Exceptional"))))) -> Solid
A31: Efficient Pump | B31: Red Mesa Conductive Slag | C31: Keth Iron | D31: Glimmerfall Shard | E31: =AVERAGE(INDEX(Resources!$B$2:$F$10,MATCH($B31,Resources!$A$2:$A$10,0),1),INDEX(Resources!$B$2:$F$10,MATCH($C31,Resources!$A$2:$A$10,0),1),INDEX(Resources!$B$2:$F$10,MATCH($D31,Resources!$A$2:$A$10,0),1)) -> 553.33333 | F31: Recovery Efficiency | G31: =(Weights!$C$5*IF(Weights!$D$5=0,$E31,INDEX(Resources!$B$2:$F$10,MATCH(CHOOSE(Weights!$D$5,$B31,$C31,$D31),Resources!$A$2:$A$10,0),MATCH(Weights!$E$5,Resources!$B$1:$F$1,0)))+Weights!$F$5*IF(Weights!$G$5=0,$E31,INDEX(Resources!$B$2:$F$10,MATCH(CHOOSE(Weights!$G$5,$B31,$C31,$D31),Resources!$A$2:$A$10,0),MATCH(Weights!$H$5,Resources!$B$1:$F$1,0)))+Weights!$I$5*IF(Weights!$J$5=0,$E31,INDEX(Resources!$B$2:$F$10,MATCH(CHOOSE(Weights!$J$5,$B31,$C31,$D31),Resources!$A$2:$A$10,0),MATCH(Weights!$K$5,Resources!$B$1:$F$1,0))))/10 -> 58.116667 | H31: =IF(G31<40,"Poor",IF(G31<55,"Basic",IF(G31<70,"Solid",IF(G31<85,"Strong",IF(G31<95,"Excellent","Exceptional"))))) -> Solid | I31: Clog Resistance | J31: =(Weights!$C$6*IF(Weights!$D$6=0,$E31,INDEX(Resources!$B$2:$F$10,MATCH(CHOOSE(Weights!$D$6,$B31,$C31,$D31),Resources!$A$2:$A$10,0),MATCH(Weights!$E$6,Resources!$B$1:$F$1,0)))+Weights!$F$6*IF(Weights!$G$6=0,$E31,INDEX(Resources!$B$2:$F$10,MATCH(CHOOSE(Weights!$G$6,$B31,$C31,$D31),Resources!$A$2:$A$10,0),MATCH(Weights!$H$6,Resources!$B$1:$F$1,0)))+Weights!$I$6*IF(Weights!$J$6=0,$E31,INDEX(Resources!$B$2:$F$10,MATCH(CHOOSE(Weights!$J$6,$B31,$C31,$D31),Resources!$A$2:$A$10,0),MATCH(Weights!$K$6,Resources!$B$1:$F$1,0))))/10 -> 58.533333 | K31: =IF(J31<40,"Poor",IF(J31<55,"Basic",IF(J31<70,"Solid",IF(J31<85,"Strong",IF(J31<95,"Excellent","Exceptional"))))) -> Solid | L31: Field Stability | M31: =(Weights!$C$7*IF(Weights!$D$7=0,$E31,INDEX(Resources!$B$2:$F$10,MATCH(CHOOSE(Weights!$D$7,$B31,$C31,$D31),Resources!$A$2:$A$10,0),MATCH(Weights!$E$7,Resources!$B$1:$F$1,0)))+Weights!$F$7*IF(Weights!$G$7=0,$E31,INDEX(Resources!$B$2:$F$10,MATCH(CHOOSE(Weights!$G$7,$B31,$C31,$D31),Resources!$A$2:$A$10,0),MATCH(Weights!$H$7,Resources!$B$1:$F$1,0)))+Weights!$I$7*IF(Weights!$J$7=0,$E31,INDEX(Resources!$B$2:$F$10,MATCH(CHOOSE(Weights!$J$7,$B31,$C31,$D31),Resources!$A$2:$A$10,0),MATCH(Weights!$K$7,Resources!$B$1:$F$1,0))))/10 -> 53.516667 | N31: =IF(M31<40,"Poor",IF(M31<55,"Basic",IF(M31<70,"Solid",IF(M31<85,"Strong",IF(M31<95,"Excellent","Exceptional"))))) -> Basic | O31: =MIN(100,MAX(G31,J31,M31)*(1+0.05*3)) -> 67.313333 | P31: =IF(O31<40,"Poor",IF(O31<55,"Basic",IF(O31<70,"Solid",IF(O31<85,"Strong",IF(O31<95,"Excellent","Exceptional"))))) -> Solid
A32: Efficient Pump | B32: Red Mesa Conductive Slag | C32: Asterion Frame Alloy | D32: Pale Ember Crystal | E32: =AVERAGE(INDEX(Resources!$B$2:$F$10,MATCH($B32,Resources!$A$2:$A$10,0),1),INDEX(Resources!$B$2:$F$10,MATCH($C32,Resources!$A$2:$A$10,0),1),INDEX(Resources!$B$2:$F$10,MATCH($D32,Resources!$A$2:$A$10,0),1)) -> 570 | F32: Recovery Efficiency | G32: =(Weights!$C$5*IF(Weights!$D$5=0,$E32,INDEX(Resources!$B$2:$F$10,MATCH(CHOOSE(Weights!$D$5,$B32,$C32,$D32),Resources!$A$2:$A$10,0),MATCH(Weights!$E$5,Resources!$B$1:$F$1,0)))+Weights!$F$5*IF(Weights!$G$5=0,$E32,INDEX(Resources!$B$2:$F$10,MATCH(CHOOSE(Weights!$G$5,$B32,$C32,$D32),Resources!$A$2:$A$10,0),MATCH(Weights!$H$5,Resources!$B$1:$F$1,0)))+Weights!$I$5*IF(Weights!$J$5=0,$E32,INDEX(Resources!$B$2:$F$10,MATCH(CHOOSE(Weights!$J$5,$B32,$C32,$D32),Resources!$A$2:$A$10,0),MATCH(Weights!$K$5,Resources!$B$1:$F$1,0))))/10 -> 65.45 | H32: =IF(G32<40,"Poor",IF(G32<55,"Basic",IF(G32<70,"Solid",IF(G32<85,"Strong",IF(G32<95,"Excellent","Exceptional"))))) -> Solid | I32: Clog Resistance | J32: =(Weights!$C$6*IF(Weights!$D$6=0,$E32,INDEX(Resources!$B$2:$F$10,MATCH(CHOOSE(Weights!$D$6,$B32,$C32,$D32),Resources!$A$2:$A$10,0),MATCH(Weights!$E$6,Resources!$B$1:$F$1,0)))+Weights!$F$6*IF(Weights!$G$6=0,$E32,INDEX(Resources!$B$2:$F$10,MATCH(CHOOSE(Weights!$G$6,$B32,$C32,$D32),Resources!$A$2:$A$10,0),MATCH(Weights!$H$6,Resources!$B$1:$F$1,0)))+Weights!$I$6*IF(Weights!$J$6=0,$E32,INDEX(Resources!$B$2:$F$10,MATCH(CHOOSE(Weights!$J$6,$B32,$C32,$D32),Resources!$A$2:$A$10,0),MATCH(Weights!$K$6,Resources!$B$1:$F$1,0))))/10 -> 73.95 | K32: =IF(J32<40,"Poor",IF(J32<55,"Basic",IF(J32<70,"Solid",IF(J32<85,"Strong",IF(J32<95,"Excellent","Exceptional"))))) -> Strong | L32: Field Stability | M32: =(Weights!$C$7*IF(Weights!$D$7=0,$E32,INDEX(Resources!$B$2:$F$10,MATCH(CHOOSE(Weights!$D$7,$B32,$C32,$D32),Resources!$A$2:$A$10,0),MATCH(Weights!$E$7,Resources!$B$1:$F$1,0)))+Weights!$F$7*IF(Weights!$G$7=0,$E32,INDEX(Resources!$B$2:$F$10,MATCH(CHOOSE(Weights!$G$7,$B32,$C32,$D32),Resources!$A$2:$A$10,0),MATCH(Weights!$H$7,Resources!$B$1:$F$1,0)))+Weights!$I$7*IF(Weights!$J$7=0,$E32,INDEX(Resources!$B$2:$F$10,MATCH(CHOOSE(Weights!$J$7,$B32,$C32,$D32),Resources!$A$2:$A$10,0),MATCH(Weights!$K$7,Resources!$B$1:$F$1,0))))/10 -> 64.65 | N32: =IF(M32<40,"Poor",IF(M32<55,"Basic",IF(M32<70,"Solid",IF(M32<85,"Strong",IF(M32<95,"Excellent","Exceptional"))))) -> Solid | O32: =MIN(100,MAX(G32,J32,M32)*(1+0.05*3)) -> 85.0425 | P32: =IF(O32<40,"Poor",IF(O32<55,"Basic",IF(O32<70,"Solid",IF(O32<85,"Strong",IF(O32<95,"Excellent","Exceptional"))))) -> Excellent
A33: Efficient Pump | B33: Red Mesa Conductive Slag | C33: Asterion Frame Alloy | D33: Thornwake Crystal | E33: =AVERAGE(INDEX(Resources!$B$2:$F$10,MATCH($B33,Resources!$A$2:$A$10,0),1),INDEX(Resources!$B$2:$F$10,MATCH($C33,Resources!$A$2:$A$10,0),1),INDEX(Resources!$B$2:$F$10,MATCH($D33,Resources!$A$2:$A$10,0),1)) -> 540 | F33: Recovery Efficiency | G33: =(Weights!$C$5*IF(Weights!$D$5=0,$E33,INDEX(Resources!$B$2:$F$10,MATCH(CHOOSE(Weights!$D$5,$B33,$C33,$D33),Resources!$A$2:$A$10,0),MATCH(Weights!$E$5,Resources!$B$1:$F$1,0)))+Weights!$F$5*IF(Weights!$G$5=0,$E33,INDEX(Resources!$B$2:$F$10,MATCH(CHOOSE(Weights!$G$5,$B33,$C33,$D33),Resources!$A$2:$A$10,0),MATCH(Weights!$H$5,Resources!$B$1:$F$1,0)))+Weights!$I$5*IF(Weights!$J$5=0,$E33,INDEX(Resources!$B$2:$F$10,MATCH(CHOOSE(Weights!$J$5,$B33,$C33,$D33),Resources!$A$2:$A$10,0),MATCH(Weights!$K$5,Resources!$B$1:$F$1,0))))/10 -> 64.85 | H33: =IF(G33<40,"Poor",IF(G33<55,"Basic",IF(G33<70,"Solid",IF(G33<85,"Strong",IF(G33<95,"Excellent","Exceptional"))))) -> Solid | I33: Clog Resistance | J33: =(Weights!$C$6*IF(Weights!$D$6=0,$E33,INDEX(Resources!$B$2:$F$10,MATCH(CHOOSE(Weights!$D$6,$B33,$C33,$D33),Resources!$A$2:$A$10,0),MATCH(Weights!$E$6,Resources!$B$1:$F$1,0)))+Weights!$F$6*IF(Weights!$G$6=0,$E33,INDEX(Resources!$B$2:$F$10,MATCH(CHOOSE(Weights!$G$6,$B33,$C33,$D33),Resources!$A$2:$A$10,0),MATCH(Weights!$H$6,Resources!$B$1:$F$1,0)))+Weights!$I$6*IF(Weights!$J$6=0,$E33,INDEX(Resources!$B$2:$F$10,MATCH(CHOOSE(Weights!$J$6,$B33,$C33,$D33),Resources!$A$2:$A$10,0),MATCH(Weights!$K$6,Resources!$B$1:$F$1,0))))/10 -> 73.2 | K33: =IF(J33<40,"Poor",IF(J33<55,"Basic",IF(J33<70,"Solid",IF(J33<85,"Strong",IF(J33<95,"Excellent","Exceptional"))))) -> Strong | L33: Field Stability | M33: =(Weights!$C$7*IF(Weights!$D$7=0,$E33,INDEX(Resources!$B$2:$F$10,MATCH(CHOOSE(Weights!$D$7,$B33,$C33,$D33),Resources!$A$2:$A$10,0),MATCH(Weights!$E$7,Resources!$B$1:$F$1,0)))+Weights!$F$7*IF(Weights!$G$7=0,$E33,INDEX(Resources!$B$2:$F$10,MATCH(CHOOSE(Weights!$G$7,$B33,$C33,$D33),Resources!$A$2:$A$10,0),MATCH(Weights!$H$7,Resources!$B$1:$F$1,0)))+Weights!$I$7*IF(Weights!$J$7=0,$E33,INDEX(Resources!$B$2:$F$10,MATCH(CHOOSE(Weights!$J$7,$B33,$C33,$D33),Resources!$A$2:$A$10,0),MATCH(Weights!$K$7,Resources!$B$1:$F$1,0))))/10 -> 33.9 | N33: =IF(M33<40,"Poor",IF(M33<55,"Basic",IF(M33<70,"Solid",IF(M33<85,"Strong",IF(M33<95,"Excellent","Exceptional"))))) -> Poor | O33: =MIN(100,MAX(G33,J33,M33)*(1+0.05*3)) -> 84.18 | P33: =IF(O33<40,"Poor",IF(O33<55,"Basic",IF(O33<70,"Solid",IF(O33<85,"Strong",IF(O33<95,"Excellent","Exceptional"))))) -> Strong
A34: Efficient Pump | B34: Red Mesa Conductive Slag | C34: Asterion Frame Alloy | D34: Glimmerfall Shard | E34: =AVERAGE(INDEX(Resources!$B$2:$F$10,MATCH($B34,Resources!$A$2:$A$10,0),1),INDEX(Resources!$B$2:$F$10,MATCH($C34,Resources!$A$2:$A$10,0),1),INDEX(Resources!$B$2:$F$10,MATCH($D34,Resources!$A$2:$A$10,0),1)) -> 610 | F34: Recovery Efficiency | G34: =(Weights!$C$5*IF(Weights!$D$5=0,$E34,INDEX(Resources!$B$2:$F$10,MATCH(CHOOSE(Weights!$D$5,$B34,$C34,$D34),Resources!$A$2:$A$10,0),MATCH(Weights!$E$5,Resources!$B$1:$F$1,0)))+Weights!$F$5*IF(Weights!$G$5=0,$E34,INDEX(Resources!$B$2:$F$10,MATCH(CHOOSE(Weights!$G$5,$B34,$C34,$D34),Resources!$A$2:$A$10,0),MATCH(Weights!$H$5,Resources!$B$1:$F$1,0)))+Weights!$I$5*IF(Weights!$J$5=0,$E34,INDEX(Resources!$B$2:$F$10,MATCH(CHOOSE(Weights!$J$5,$B34,$C34,$D34),Resources!$A$2:$A$10,0),MATCH(Weights!$K$5,Resources!$B$1:$F$1,0))))/10 -> 66.25 | H34: =IF(G34<40,"Poor",IF(G34<55,"Basic",IF(G34<70,"Solid",IF(G34<85,"Strong",IF(G34<95,"Excellent","Exceptional"))))) -> Solid | I34: Clog Resistance | J34: =(Weights!$C$6*IF(Weights!$D$6=0,$E34,INDEX(Resources!$B$2:$F$10,MATCH(CHOOSE(Weights!$D$6,$B34,$C34,$D34),Resources!$A$2:$A$10,0),MATCH(Weights!$E$6,Resources!$B$1:$F$1,0)))+Weights!$F$6*IF(Weights!$G$6=0,$E34,INDEX(Resources!$B$2:$F$10,MATCH(CHOOSE(Weights!$G$6,$B34,$C34,$D34),Resources!$A$2:$A$10,0),MATCH(Weights!$H$6,Resources!$B$1:$F$1,0)))+Weights!$I$6*IF(Weights!$J$6=0,$E34,INDEX(Resources!$B$2:$F$10,MATCH(CHOOSE(Weights!$J$6,$B34,$C34,$D34),Resources!$A$2:$A$10,0),MATCH(Weights!$K$6,Resources!$B$1:$F$1,0))))/10 -> 74.95 | K34: =IF(J34<40,"Poor",IF(J34<55,"Basic",IF(J34<70,"Solid",IF(J34<85,"Strong",IF(J34<95,"Excellent","Exceptional"))))) -> Strong | L34: Field Stability | M34: =(Weights!$C$7*IF(Weights!$D$7=0,$E34,INDEX(Resources!$B$2:$F$10,MATCH(CHOOSE(Weights!$D$7,$B34,$C34,$D34),Resources!$A$2:$A$10,0),MATCH(Weights!$E$7,Resources!$B$1:$F$1,0)))+Weights!$F$7*IF(Weights!$G$7=0,$E34,INDEX(Resources!$B$2:$F$10,MATCH(CHOOSE(Weights!$G$7,$B34,$C34,$D34),Resources!$A$2:$A$10,0),MATCH(Weights!$H$7,Resources!$B$1:$F$1,0)))+Weights!$I$7*IF(Weights!$J$7=0,$E34,INDEX(Resources!$B$2:$F$10,MATCH(CHOOSE(Weights!$J$7,$B34,$C34,$D34),Resources!$A$2:$A$10,0),MATCH(Weights!$K$7,Resources!$B$1:$F$1,0))))/10 -> 54.65 | N34: =IF(M34<40,"Poor",IF(M34<55,"Basic",IF(M34<70,"Solid",IF(M34<85,"Strong",IF(M34<95,"Excellent","Exceptional"))))) -> Basic | O34: =MIN(100,MAX(G34,J34,M34)*(1+0.05*3)) -> 86.1925 | P34: =IF(O34<40,"Poor",IF(O34<55,"Basic",IF(O34<70,"Solid",IF(O34<85,"Strong",IF(O34<95,"Excellent","Exceptional"))))) -> Excellent
A35: Efficient Pump | B35: Red Mesa Conductive Slag | C35: Bendrel Ridge Alloy | D35: Pale Ember Crystal | E35: =AVERAGE(INDEX(Resources!$B$2:$F$10,MATCH($B35,Resources!$A$2:$A$10,0),1),INDEX(Resources!$B$2:$F$10,MATCH($C35,Resources!$A$2:$A$10,0),1),INDEX(Resources!$B$2:$F$10,MATCH($D35,Resources!$A$2:$A$10,0),1)) -> 543.33333 | F35: Recovery Efficiency | G35: =(Weights!$C$5*IF(Weights!$D$5=0,$E35,INDEX(Resources!$B$2:$F$10,MATCH(CHOOSE(Weights!$D$5,$B35,$C35,$D35),Resources!$A$2:$A$10,0),MATCH(Weights!$E$5,Resources!$B$1:$F$1,0)))+Weights!$F$5*IF(Weights!$G$5=0,$E35,INDEX(Resources!$B$2:$F$10,MATCH(CHOOSE(Weights!$G$5,$B35,$C35,$D35),Resources!$A$2:$A$10,0),MATCH(Weights!$H$5,Resources!$B$1:$F$1,0)))+Weights!$I$5*IF(Weights!$J$5=0,$E35,INDEX(Resources!$B$2:$F$10,MATCH(CHOOSE(Weights!$J$5,$B35,$C35,$D35),Resources!$A$2:$A$10,0),MATCH(Weights!$K$5,Resources!$B$1:$F$1,0))))/10 -> 69.116667 | H35: =IF(G35<40,"Poor",IF(G35<55,"Basic",IF(G35<70,"Solid",IF(G35<85,"Strong",IF(G35<95,"Excellent","Exceptional"))))) -> Solid | I35: Clog Resistance | J35: =(Weights!$C$6*IF(Weights!$D$6=0,$E35,INDEX(Resources!$B$2:$F$10,MATCH(CHOOSE(Weights!$D$6,$B35,$C35,$D35),Resources!$A$2:$A$10,0),MATCH(Weights!$E$6,Resources!$B$1:$F$1,0)))+Weights!$F$6*IF(Weights!$G$6=0,$E35,INDEX(Resources!$B$2:$F$10,MATCH(CHOOSE(Weights!$G$6,$B35,$C35,$D35),Resources!$A$2:$A$10,0),MATCH(Weights!$H$6,Resources!$B$1:$F$1,0)))+Weights!$I$6*IF(Weights!$J$6=0,$E35,INDEX(Resources!$B$2:$F$10,MATCH(CHOOSE(Weights!$J$6,$B35,$C35,$D35),Resources!$A$2:$A$10,0),MATCH(Weights!$K$6,Resources!$B$1:$F$1,0))))/10 -> 66.083333 | K35: =IF(J35<40,"Poor",IF(J35<55,"Basic",IF(J35<70,"Solid",IF(J35<85,"Strong",IF(J35<95,"Excellent","Exceptional"))))) -> Solid | L35: Field Stability | M35: =(Weights!$C$7*IF(Weights!$D$7=0,$E35,INDEX(Resources!$B$2:$F$10,MATCH(CHOOSE(Weights!$D$7,$B35,$C35,$D35),Resources!$A$2:$A$10,0),MATCH(Weights!$E$7,Resources!$B$1:$F$1,0)))+Weights!$F$7*IF(Weights!$G$7=0,$E35,INDEX(Resources!$B$2:$F$10,MATCH(CHOOSE(Weights!$G$7,$B35,$C35,$D35),Resources!$A$2:$A$10,0),MATCH(Weights!$H$7,Resources!$B$1:$F$1,0)))+Weights!$I$7*IF(Weights!$J$7=0,$E35,INDEX(Resources!$B$2:$F$10,MATCH(CHOOSE(Weights!$J$7,$B35,$C35,$D35),Resources!$A$2:$A$10,0),MATCH(Weights!$K$7,Resources!$B$1:$F$1,0))))/10 -> 64.116667 | N35: =IF(M35<40,"Poor",IF(M35<55,"Basic",IF(M35<70,"Solid",IF(M35<85,"Strong",IF(M35<95,"Excellent","Exceptional"))))) -> Solid | O35: =MIN(100,MAX(G35,J35,M35)*(1+0.05*3)) -> 79.484167 | P35: =IF(O35<40,"Poor",IF(O35<55,"Basic",IF(O35<70,"Solid",IF(O35<85,"Strong",IF(O35<95,"Excellent","Exceptional"))))) -> Strong
A36: Efficient Pump | B36: Red Mesa Conductive Slag | C36: Bendrel Ridge Alloy | D36: Thornwake Crystal | E36: =AVERAGE(INDEX(Resources!$B$2:$F$10,MATCH($B36,Resources!$A$2:$A$10,0),1),INDEX(Resources!$B$2:$F$10,MATCH($C36,Resources!$A$2:$A$10,0),1),INDEX(Resources!$B$2:$F$10,MATCH($D36,Resources!$A$2:$A$10,0),1)) -> 513.33333 | F36: Recovery Efficiency | G36: =(Weights!$C$5*IF(Weights!$D$5=0,$E36,INDEX(Resources!$B$2:$F$10,MATCH(CHOOSE(Weights!$D$5,$B36,$C36,$D36),Resources!$A$2:$A$10,0),MATCH(Weights!$E$5,Resources!$B$1:$F$1,0)))+Weights!$F$5*IF(Weights!$G$5=0,$E36,INDEX(Resources!$B$2:$F$10,MATCH(CHOOSE(Weights!$G$5,$B36,$C36,$D36),Resources!$A$2:$A$10,0),MATCH(Weights!$H$5,Resources!$B$1:$F$1,0)))+Weights!$I$5*IF(Weights!$J$5=0,$E36,INDEX(Resources!$B$2:$F$10,MATCH(CHOOSE(Weights!$J$5,$B36,$C36,$D36),Resources!$A$2:$A$10,0),MATCH(Weights!$K$5,Resources!$B$1:$F$1,0))))/10 -> 68.516667 | H36: =IF(G36<40,"Poor",IF(G36<55,"Basic",IF(G36<70,"Solid",IF(G36<85,"Strong",IF(G36<95,"Excellent","Exceptional"))))) -> Solid | I36: Clog Resistance | J36: =(Weights!$C$6*IF(Weights!$D$6=0,$E36,INDEX(Resources!$B$2:$F$10,MATCH(CHOOSE(Weights!$D$6,$B36,$C36,$D36),Resources!$A$2:$A$10,0),MATCH(Weights!$E$6,Resources!$B$1:$F$1,0)))+Weights!$F$6*IF(Weights!$G$6=0,$E36,INDEX(Resources!$B$2:$F$10,MATCH(CHOOSE(Weights!$G$6,$B36,$C36,$D36),Resources!$A$2:$A$10,0),MATCH(Weights!$H$6,Resources!$B$1:$F$1,0)))+Weights!$I$6*IF(Weights!$J$6=0,$E36,INDEX(Resources!$B$2:$F$10,MATCH(CHOOSE(Weights!$J$6,$B36,$C36,$D36),Resources!$A$2:$A$10,0),MATCH(Weights!$K$6,Resources!$B$1:$F$1,0))))/10 -> 65.333333 | K36: =IF(J36<40,"Poor",IF(J36<55,"Basic",IF(J36<70,"Solid",IF(J36<85,"Strong",IF(J36<95,"Excellent","Exceptional"))))) -> Solid | L36: Field Stability | M36: =(Weights!$C$7*IF(Weights!$D$7=0,$E36,INDEX(Resources!$B$2:$F$10,MATCH(CHOOSE(Weights!$D$7,$B36,$C36,$D36),Resources!$A$2:$A$10,0),MATCH(Weights!$E$7,Resources!$B$1:$F$1,0)))+Weights!$F$7*IF(Weights!$G$7=0,$E36,INDEX(Resources!$B$2:$F$10,MATCH(CHOOSE(Weights!$G$7,$B36,$C36,$D36),Resources!$A$2:$A$10,0),MATCH(Weights!$H$7,Resources!$B$1:$F$1,0)))+Weights!$I$7*IF(Weights!$J$7=0,$E36,INDEX(Resources!$B$2:$F$10,MATCH(CHOOSE(Weights!$J$7,$B36,$C36,$D36),Resources!$A$2:$A$10,0),MATCH(Weights!$K$7,Resources!$B$1:$F$1,0))))/10 -> 33.366667 | N36: =IF(M36<40,"Poor",IF(M36<55,"Basic",IF(M36<70,"Solid",IF(M36<85,"Strong",IF(M36<95,"Excellent","Exceptional"))))) -> Poor | O36: =MIN(100,MAX(G36,J36,M36)*(1+0.05*3)) -> 78.794167 | P36: =IF(O36<40,"Poor",IF(O36<55,"Basic",IF(O36<70,"Solid",IF(O36<85,"Strong",IF(O36<95,"Excellent","Exceptional"))))) -> Strong
A37: Efficient Pump | B37: Red Mesa Conductive Slag | C37: Bendrel Ridge Alloy | D37: Glimmerfall Shard | E37: =AVERAGE(INDEX(Resources!$B$2:$F$10,MATCH($B37,Resources!$A$2:$A$10,0),1),INDEX(Resources!$B$2:$F$10,MATCH($C37,Resources!$A$2:$A$10,0),1),INDEX(Resources!$B$2:$F$10,MATCH($D37,Resources!$A$2:$A$10,0),1)) -> 583.33333 | F37: Recovery Efficiency | G37: =(Weights!$C$5*IF(Weights!$D$5=0,$E37,INDEX(Resources!$B$2:$F$10,MATCH(CHOOSE(Weights!$D$5,$B37,$C37,$D37),Resources!$A$2:$A$10,0),MATCH(Weights!$E$5,Resources!$B$1:$F$1,0)))+Weights!$F$5*IF(Weights!$G$5=0,$E37,INDEX(Resources!$B$2:$F$10,MATCH(CHOOSE(Weights!$G$5,$B37,$C37,$D37),Resources!$A$2:$A$10,0),MATCH(Weights!$H$5,Resources!$B$1:$F$1,0)))+Weights!$I$5*IF(Weights!$J$5=0,$E37,INDEX(Resources!$B$2:$F$10,MATCH(CHOOSE(Weights!$J$5,$B37,$C37,$D37),Resources!$A$2:$A$10,0),MATCH(Weights!$K$5,Resources!$B$1:$F$1,0))))/10 -> 69.916667 | H37: =IF(G37<40,"Poor",IF(G37<55,"Basic",IF(G37<70,"Solid",IF(G37<85,"Strong",IF(G37<95,"Excellent","Exceptional"))))) -> Solid | I37: Clog Resistance | J37: =(Weights!$C$6*IF(Weights!$D$6=0,$E37,INDEX(Resources!$B$2:$F$10,MATCH(CHOOSE(Weights!$D$6,$B37,$C37,$D37),Resources!$A$2:$A$10,0),MATCH(Weights!$E$6,Resources!$B$1:$F$1,0)))+Weights!$F$6*IF(Weights!$G$6=0,$E37,INDEX(Resources!$B$2:$F$10,MATCH(CHOOSE(Weights!$G$6,$B37,$C37,$D37),Resources!$A$2:$A$10,0),MATCH(Weights!$H$6,Resources!$B$1:$F$1,0)))+Weights!$I$6*IF(Weights!$J$6=0,$E37,INDEX(Resources!$B$2:$F$10,MATCH(CHOOSE(Weights!$J$6,$B37,$C37,$D37),Resources!$A$2:$A$10,0),MATCH(Weights!$K$6,Resources!$B$1:$F$1,0))))/10 -> 67.083333 | K37: =IF(J37<40,"Poor",IF(J37<55,"Basic",IF(J37<70,"Solid",IF(J37<85,"Strong",IF(J37<95,"Excellent","Exceptional"))))) -> Solid | L37: Field Stability | M37: =(Weights!$C$7*IF(Weights!$D$7=0,$E37,INDEX(Resources!$B$2:$F$10,MATCH(CHOOSE(Weights!$D$7,$B37,$C37,$D37),Resources!$A$2:$A$10,0),MATCH(Weights!$E$7,Resources!$B$1:$F$1,0)))+Weights!$F$7*IF(Weights!$G$7=0,$E37,INDEX(Resources!$B$2:$F$10,MATCH(CHOOSE(Weights!$G$7,$B37,$C37,$D37),Resources!$A$2:$A$10,0),MATCH(Weights!$H$7,Resources!$B$1:$F$1,0)))+Weights!$I$7*IF(Weights!$J$7=0,$E37,INDEX(Resources!$B$2:$F$10,MATCH(CHOOSE(Weights!$J$7,$B37,$C37,$D37),Resources!$A$2:$A$10,0),MATCH(Weights!$K$7,Resources!$B$1:$F$1,0))))/10 -> 54.116667 | N37: =IF(M37<40,"Poor",IF(M37<55,"Basic",IF(M37<70,"Solid",IF(M37<85,"Strong",IF(M37<95,"Excellent","Exceptional"))))) -> Basic | O37: =MIN(100,MAX(G37,J37,M37)*(1+0.05*3)) -> 80.404167 | P37: =IF(O37<40,"Poor",IF(O37<55,"Basic",IF(O37<70,"Solid",IF(O37<85,"Strong",IF(O37<95,"Excellent","Exceptional"))))) -> Strong
A38: Efficient Pump | B38: Veyrith Copper | C38: Keth Iron | D38: Pale Ember Crystal | E38: =AVERAGE(INDEX(Resources!$B$2:$F$10,MATCH($B38,Resources!$A$2:$A$10,0),1),INDEX(Resources!$B$2:$F$10,MATCH($C38,Resources!$A$2:$A$10,0),1),INDEX(Resources!$B$2:$F$10,MATCH($D38,Resources!$A$2:$A$10,0),1)) -> 673.33333 | F38: Recovery Efficiency | G38: =(Weights!$C$5*IF(Weights!$D$5=0,$E38,INDEX(Resources!$B$2:$F$10,MATCH(CHOOSE(Weights!$D$5,$B38,$C38,$D38),Resources!$A$2:$A$10,0),MATCH(Weights!$E$5,Resources!$B$1:$F$1,0)))+Weights!$F$5*IF(Weights!$G$5=0,$E38,INDEX(Resources!$B$2:$F$10,MATCH(CHOOSE(Weights!$G$5,$B38,$C38,$D38),Resources!$A$2:$A$10,0),MATCH(Weights!$H$5,Resources!$B$1:$F$1,0)))+Weights!$I$5*IF(Weights!$J$5=0,$E38,INDEX(Resources!$B$2:$F$10,MATCH(CHOOSE(Weights!$J$5,$B38,$C38,$D38),Resources!$A$2:$A$10,0),MATCH(Weights!$K$5,Resources!$B$1:$F$1,0))))/10 -> 74.916667 | H38: =IF(G38<40,"Poor",IF(G38<55,"Basic",IF(G38<70,"Solid",IF(G38<85,"Strong",IF(G38<95,"Excellent","Exceptional"))))) -> Strong | I38: Clog Resistance | J38: =(Weights!$C$6*IF(Weights!$D$6=0,$E38,INDEX(Resources!$B$2:$F$10,MATCH(CHOOSE(Weights!$D$6,$B38,$C38,$D38),Resources!$A$2:$A$10,0),MATCH(Weights!$E$6,Resources!$B$1:$F$1,0)))+Weights!$F$6*IF(Weights!$G$6=0,$E38,INDEX(Resources!$B$2:$F$10,MATCH(CHOOSE(Weights!$G$6,$B38,$C38,$D38),Resources!$A$2:$A$10,0),MATCH(Weights!$H$6,Resources!$B$1:$F$1,0)))+Weights!$I$6*IF(Weights!$J$6=0,$E38,INDEX(Resources!$B$2:$F$10,MATCH(CHOOSE(Weights!$J$6,$B38,$C38,$D38),Resources!$A$2:$A$10,0),MATCH(Weights!$K$6,Resources!$B$1:$F$1,0))))/10 -> 61.533333 | K38: =IF(J38<40,"Poor",IF(J38<55,"Basic",IF(J38<70,"Solid",IF(J38<85,"Strong",IF(J38<95,"Excellent","Exceptional"))))) -> Solid | L38: Field Stability | M38: =(Weights!$C$7*IF(Weights!$D$7=0,$E38,INDEX(Resources!$B$2:$F$10,MATCH(CHOOSE(Weights!$D$7,$B38,$C38,$D38),Resources!$A$2:$A$10,0),MATCH(Weights!$E$7,Resources!$B$1:$F$1,0)))+Weights!$F$7*IF(Weights!$G$7=0,$E38,INDEX(Resources!$B$2:$F$10,MATCH(CHOOSE(Weights!$G$7,$B38,$C38,$D38),Resources!$A$2:$A$10,0),MATCH(Weights!$H$7,Resources!$B$1:$F$1,0)))+Weights!$I$7*IF(Weights!$J$7=0,$E38,INDEX(Resources!$B$2:$F$10,MATCH(CHOOSE(Weights!$J$7,$B38,$C38,$D38),Resources!$A$2:$A$10,0),MATCH(Weights!$K$7,Resources!$B$1:$F$1,0))))/10 -> 74.766667 | N38: =IF(M38<40,"Poor",IF(M38<55,"Basic",IF(M38<70,"Solid",IF(M38<85,"Strong",IF(M38<95,"Excellent","Exceptional"))))) -> Strong | O38: =MIN(100,MAX(G38,J38,M38)*(1+0.05*3)) -> 86.154167 | P38: =IF(O38<40,"Poor",IF(O38<55,"Basic",IF(O38<70,"Solid",IF(O38<85,"Strong",IF(O38<95,"Excellent","Exceptional"))))) -> Excellent
A39: Efficient Pump | B39: Veyrith Copper | C39: Keth Iron | D39: Thornwake Crystal | E39: =AVERAGE(INDEX(Resources!$B$2:$F$10,MATCH($B39,Resources!$A$2:$A$10,0),1),INDEX(Resources!$B$2:$F$10,MATCH($C39,Resources!$A$2:$A$10,0),1),INDEX(Resources!$B$2:$F$10,MATCH($D39,Resources!$A$2:$A$10,0),1)) -> 643.33333 | F39: Recovery Efficiency | G39: =(Weights!$C$5*IF(Weights!$D$5=0,$E39,INDEX(Resources!$B$2:$F$10,MATCH(CHOOSE(Weights!$D$5,$B39,$C39,$D39),Resources!$A$2:$A$10,0),MATCH(Weights!$E$5,Resources!$B$1:$F$1,0)))+Weights!$F$5*IF(Weights!$G$5=0,$E39,INDEX(Resources!$B$2:$F$10,MATCH(CHOOSE(Weights!$G$5,$B39,$C39,$D39),Resources!$A$2:$A$10,0),MATCH(Weights!$H$5,Resources!$B$1:$F$1,0)))+Weights!$I$5*IF(Weights!$J$5=0,$E39,INDEX(Resources!$B$2:$F$10,MATCH(CHOOSE(Weights!$J$5,$B39,$C39,$D39),Resources!$A$2:$A$10,0),MATCH(Weights!$K$5,Resources!$B$1:$F$1,0))))/10 -> 74.316667 | H39: =IF(G39<40,"Poor",IF(G39<55,"Basic",IF(G39<70,"Solid",IF(G39<85,"Strong",IF(G39<95,"Excellent","Exceptional"))))) -> Strong | I39: Clog Resistance | J39: =(Weights!$C$6*IF(Weights!$D$6=0,$E39,INDEX(Resources!$B$2:$F$10,MATCH(CHOOSE(Weights!$D$6,$B39,$C39,$D39),Resources!$A$2:$A$10,0),MATCH(Weights!$E$6,Resources!$B$1:$F$1,0)))+Weights!$F$6*IF(Weights!$G$6=0,$E39,INDEX(Resources!$B$2:$F$10,MATCH(CHOOSE(Weights!$G$6,$B39,$C39,$D39),Resources!$A$2:$A$10,0),MATCH(Weights!$H$6,Resources!$B$1:$F$1,0)))+Weights!$I$6*IF(Weights!$J$6=0,$E39,INDEX(Resources!$B$2:$F$10,MATCH(CHOOSE(Weights!$J$6,$B39,$C39,$D39),Resources!$A$2:$A$10,0),MATCH(Weights!$K$6,Resources!$B$1:$F$1,0))))/10 -> 60.783333 | K39: =IF(J39<40,"Poor",IF(J39<55,"Basic",IF(J39<70,"Solid",IF(J39<85,"Strong",IF(J39<95,"Excellent","Exceptional"))))) -> Solid | L39: Field Stability | M39: =(Weights!$C$7*IF(Weights!$D$7=0,$E39,INDEX(Resources!$B$2:$F$10,MATCH(CHOOSE(Weights!$D$7,$B39,$C39,$D39),Resources!$A$2:$A$10,0),MATCH(Weights!$E$7,Resources!$B$1:$F$1,0)))+Weights!$F$7*IF(Weights!$G$7=0,$E39,INDEX(Resources!$B$2:$F$10,MATCH(CHOOSE(Weights!$G$7,$B39,$C39,$D39),Resources!$A$2:$A$10,0),MATCH(Weights!$H$7,Resources!$B$1:$F$1,0)))+Weights!$I$7*IF(Weights!$J$7=0,$E39,INDEX(Resources!$B$2:$F$10,MATCH(CHOOSE(Weights!$J$7,$B39,$C39,$D39),Resources!$A$2:$A$10,0),MATCH(Weights!$K$7,Resources!$B$1:$F$1,0))))/10 -> 44.016667 | N39: =IF(M39<40,"Poor",IF(M39<55,"Basic",IF(M39<70,"Solid",IF(M39<85,"Strong",IF(M39<95,"Excellent","Exceptional"))))) -> Basic | O39: =MIN(100,MAX(G39,J39,M39)*(1+0.05*3)) -> 85.464167 | P39: =IF(O39<40,"Poor",IF(O39<55,"Basic",IF(O39<70,"Solid",IF(O39<85,"Strong",IF(O39<95,"Excellent","Exceptional"))))) -> Excellent
A40: Efficient Pump | B40: Veyrith Copper | C40: Keth Iron | D40: Glimmerfall Shard | E40: =AVERAGE(INDEX(Resources!$B$2:$F$10,MATCH($B40,Resources!$A$2:$A$10,0),1),INDEX(Resources!$B$2:$F$10,MATCH($C40,Resources!$A$2:$A$10,0),1),INDEX(Resources!$B$2:$F$10,MATCH($D40,Resources!$A$2:$A$10,0),1)) -> 713.33333 | F40: Recovery Efficiency | G40: =(Weights!$C$5*IF(Weights!$D$5=0,$E40,INDEX(Resources!$B$2:$F$10,MATCH(CHOOSE(Weights!$D$5,$B40,$C40,$D40),Resources!$A$2:$A$10,0),MATCH(Weights!$E$5,Resources!$B$1:$F$1,0)))+Weights!$F$5*IF(Weights!$G$5=0,$E40,INDEX(Resources!$B$2:$F$10,MATCH(CHOOSE(Weights!$G$5,$B40,$C40,$D40),Resources!$A$2:$A$10,0),MATCH(Weights!$H$5,Resources!$B$1:$F$1,0)))+Weights!$I$5*IF(Weights!$J$5=0,$E40,INDEX(Resources!$B$2:$F$10,MATCH(CHOOSE(Weights!$J$5,$B40,$C40,$D40),Resources!$A$2:$A$10,0),MATCH(Weights!$K$5,Resources!$B$1:$F$1,0))))/10 -> 75.716667 | H40: =IF(G40<40,"Poor",IF(G40<55,"Basic",IF(G40<70,"Solid",IF(G40<85,"Strong",IF(G40<95,"Excellent","Exceptional"))))) -> Strong | I40: Clog Resistance | J40: =(Weights!$C$6*IF(Weights!$D$6=0,$E40,INDEX(Resources!$B$2:$F$10,MATCH(CHOOSE(Weights!$D$6,$B40,$C40,$D40),Resources!$A$2:$A$10,0),MATCH(Weights!$E$6,Resources!$B$1:$F$1,0)))+Weights!$F$6*IF(Weights!$G$6=0,$E40,INDEX(Resources!$B$2:$F$10,MATCH(CHOOSE(Weights!$G$6,$B40,$C40,$D40),Resources!$A$2:$A$10,0),MATCH(Weights!$H$6,Resources!$B$1:$F$1,0)))+Weights!$I$6*IF(Weights!$J$6=0,$E40,INDEX(Resources!$B$2:$F$10,MATCH(CHOOSE(Weights!$J$6,$B40,$C40,$D40),Resources!$A$2:$A$10,0),MATCH(Weights!$K$6,Resources!$B$1:$F$1,0))))/10 -> 62.533333 | K40: =IF(J40<40,"Poor",IF(J40<55,"Basic",IF(J40<70,"Solid",IF(J40<85,"Strong",IF(J40<95,"Excellent","Exceptional"))))) -> Solid | L40: Field Stability | M40: =(Weights!$C$7*IF(Weights!$D$7=0,$E40,INDEX(Resources!$B$2:$F$10,MATCH(CHOOSE(Weights!$D$7,$B40,$C40,$D40),Resources!$A$2:$A$10,0),MATCH(Weights!$E$7,Resources!$B$1:$F$1,0)))+Weights!$F$7*IF(Weights!$G$7=0,$E40,INDEX(Resources!$B$2:$F$10,MATCH(CHOOSE(Weights!$G$7,$B40,$C40,$D40),Resources!$A$2:$A$10,0),MATCH(Weights!$H$7,Resources!$B$1:$F$1,0)))+Weights!$I$7*IF(Weights!$J$7=0,$E40,INDEX(Resources!$B$2:$F$10,MATCH(CHOOSE(Weights!$J$7,$B40,$C40,$D40),Resources!$A$2:$A$10,0),MATCH(Weights!$K$7,Resources!$B$1:$F$1,0))))/10 -> 64.766667 | N40: =IF(M40<40,"Poor",IF(M40<55,"Basic",IF(M40<70,"Solid",IF(M40<85,"Strong",IF(M40<95,"Excellent","Exceptional"))))) -> Solid | O40: =MIN(100,MAX(G40,J40,M40)*(1+0.05*3)) -> 87.074167 | P40: =IF(O40<40,"Poor",IF(O40<55,"Basic",IF(O40<70,"Solid",IF(O40<85,"Strong",IF(O40<95,"Excellent","Exceptional"))))) -> Excellent
... A55: Efficient Pump | B55: Sorrel Vein Copper | C55: Bendrel Ridge Alloy | D55: Glimmerfall Shard | E55: =AVERAGE(INDEX(Resources!$B$2:$F$10,MATCH($B55,Resources!$A$2:$A$10,0),1),INDEX(Resources!$B$2:$F$10,MATCH($C55,Resources!$A$2:$A$10,0),1),INDEX(Resources!$B$2:$F$10,MATCH($D55,Resources!$A$2:$A$10,0),1)) -> 656.66667 | F55: Recovery Efficiency | G55: =(Weights!$C$5*IF(Weights!$D$5=0,$E55,INDEX(Resources!$B$2:$F$10,MATCH(CHOOSE(Weights!$D$5,$B55,$C55,$D55),Resources!$A$2:$A$10,0),MATCH(Weights!$E$5,Resources!$B$1:$F$1,0)))+Weights!$F$5*IF(Weights!$G$5=0,$E55,INDEX(Resources!$B$2:$F$10,MATCH(CHOOSE(Weights!$G$5,$B55,$C55,$D55),Resources!$A$2:$A$10,0),MATCH(Weights!$H$5,Resources!$B$1:$F$1,0)))+Weights!$I$5*IF(Weights!$J$5=0,$E55,INDEX(Resources!$B$2:$F$10,MATCH(CHOOSE(Weights!$J$5,$B55,$C55,$D55),Resources!$A$2:$A$10,0),MATCH(Weights!$K$5,Resources!$B$1:$F$1,0))))/10 -> 72.733333 | H55: =IF(G55<40,"Poor",IF(G55<55,"Basic",IF(G55<70,"Solid",IF(G55<85,"Strong",IF(G55<95,"Excellent","Exceptional"))))) -> Strong | I55: Clog Resistance | J55: =(Weights!$C$6*IF(Weights!$D$6=0,$E55,INDEX(Resources!$B$2:$F$10,MATCH(CHOOSE(Weights!$D$6,$B55,$C55,$D55),Resources!$A$2:$A$10,0),MATCH(Weights!$E$6,Resources!$B$1:$F$1,0)))+Weights!$F$6*IF(Weights!$G$6=0,$E55,INDEX(Resources!$B$2:$F$10,MATCH(CHOOSE(Weights!$G$6,$B55,$C55,$D55),Resources!$A$2:$A$10,0),MATCH(Weights!$H$6,Resources!$B$1:$F$1,0)))+Weights!$I$6*IF(Weights!$J$6=0,$E55,INDEX(Resources!$B$2:$F$10,MATCH(CHOOSE(Weights!$J$6,$B55,$C55,$D55),Resources!$A$2:$A$10,0),MATCH(Weights!$K$6,Resources!$B$1:$F$1,0))))/10 -> 68.916667 | K55: =IF(J55<40,"Poor",IF(J55<55,"Basic",IF(J55<70,"Solid",IF(J55<85,"Strong",IF(J55<95,"Excellent","Exceptional"))))) -> Solid | L55: Field Stability | M55: =(Weights!$C$7*IF(Weights!$D$7=0,$E55,INDEX(Resources!$B$2:$F$10,MATCH(CHOOSE(Weights!$D$7,$B55,$C55,$D55),Resources!$A$2:$A$10,0),MATCH(Weights!$E$7,Resources!$B$1:$F$1,0)))+Weights!$F$7*IF(Weights!$G$7=0,$E55,INDEX(Resources!$B$2:$F$10,MATCH(CHOOSE(Weights!$G$7,$B55,$C55,$D55),Resources!$A$2:$A$10,0),MATCH(Weights!$H$7,Resources!$B$1:$F$1,0)))+Weights!$I$7*IF(Weights!$J$7=0,$E55,INDEX(Resources!$B$2:$F$10,MATCH(CHOOSE(Weights!$J$7,$B55,$C55,$D55),Resources!$A$2:$A$10,0),MATCH(Weights!$K$7,Resources!$B$1:$F$1,0))))/10 -> 68.533333 | N55: =IF(M55<40,"Poor",IF(M55<55,"Basic",IF(M55<70,"Solid",IF(M55<85,"Strong",IF(M55<95,"Excellent","Exceptional"))))) -> Solid | O55: =MIN(100,MAX(G55,J55,M55)*(1+0.05*3)) -> 83.643333 | P55: =IF(O55<40,"Poor",IF(O55<55,"Basic",IF(O55<70,"Solid",IF(O55<85,"Strong",IF(O55<95,"Excellent","Exceptional"))))) -> Strong
A56: Reinforced Hull Plate | B56: Keth Iron | C56: Keth Iron | D56: Pale Ember Crystal | E56: =AVERAGE(INDEX(Resources!$B$2:$F$10,MATCH($B56,Resources!$A$2:$A$10,0),1),INDEX(Resources!$B$2:$F$10,MATCH($C56,Resources!$A$2:$A$10,0),1),INDEX(Resources!$B$2:$F$10,MATCH($D56,Resources!$A$2:$A$10,0),1)) -> 573.33333 | F56: Max Condition | G56: =(Weights!$C$8*IF(Weights!$D$8=0,$E56,INDEX(Resources!$B$2:$F$10,MATCH(CHOOSE(Weights!$D$8,$B56,$C56,$D56),Resources!$A$2:$A$10,0),MATCH(Weights!$E$8,Resources!$B$1:$F$1,0)))+Weights!$F$8*IF(Weights!$G$8=0,$E56,INDEX(Resources!$B$2:$F$10,MATCH(CHOOSE(Weights!$G$8,$B56,$C56,$D56),Resources!$A$2:$A$10,0),MATCH(Weights!$H$8,Resources!$B$1:$F$1,0)))+Weights!$I$8*IF(Weights!$J$8=0,$E56,INDEX(Resources!$B$2:$F$10,MATCH(CHOOSE(Weights!$J$8,$B56,$C56,$D56),Resources!$A$2:$A$10,0),MATCH(Weights!$K$8,Resources!$B$1:$F$1,0))))/10 -> 60.383333 | H56: =IF(G56<40,"Poor",IF(G56<55,"Basic",IF(G56<70,"Solid",IF(G56<85,"Strong",IF(G56<95,"Excellent","Exceptional"))))) -> Solid | I56: Damage Reduction | J56: =(Weights!$C$9*IF(Weights!$D$9=0,$E56,INDEX(Resources!$B$2:$F$10,MATCH(CHOOSE(Weights!$D$9,$B56,$C56,$D56),Resources!$A$2:$A$10,0),MATCH(Weights!$E$9,Resources!$B$1:$F$1,0)))+Weights!$F$9*IF(Weights!$G$9=0,$E56,INDEX(Resources!$B$2:$F$10,MATCH(CHOOSE(Weights!$G$9,$B56,$C56,$D56),Resources!$A$2:$A$10,0),MATCH(Weights!$H$9,Resources!$B$1:$F$1,0)))+Weights!$I$9*IF(Weights!$J$9=0,$E56,INDEX(Resources!$B$2:$F$10,MATCH(CHOOSE(Weights!$J$9,$B56,$C56,$D56),Resources!$A$2:$A$10,0),MATCH(Weights!$K$9,Resources!$B$1:$F$1,0))))/10 -> 70.366667 | K56: =IF(J56<40,"Poor",IF(J56<55,"Basic",IF(J56<70,"Solid",IF(J56<85,"Strong",IF(J56<95,"Excellent","Exceptional"))))) -> Strong | L56: Repairability | M56: =(Weights!$C$10*IF(Weights!$D$10=0,$E56,INDEX(Resources!$B$2:$F$10,MATCH(CHOOSE(Weights!$D$10,$B56,$C56,$D56),Resources!$A$2:$A$10,0),MATCH(Weights!$E$10,Resources!$B$1:$F$1,0)))+Weights!$F$10*IF(Weights!$G$10=0,$E56,INDEX(Resources!$B$2:$F$10,MATCH(CHOOSE(Weights!$G$10,$B56,$C56,$D56),Resources!$A$2:$A$10,0),MATCH(Weights!$H$10,Resources!$B$1:$F$1,0)))+Weights!$I$10*IF(Weights!$J$10=0,$E56,INDEX(Resources!$B$2:$F$10,MATCH(CHOOSE(Weights!$J$10,$B56,$C56,$D56),Resources!$A$2:$A$10,0),MATCH(Weights!$K$10,Resources!$B$1:$F$1,0))))/10 -> 58.266667 | N56: =IF(M56<40,"Poor",IF(M56<55,"Basic",IF(M56<70,"Solid",IF(M56<85,"Strong",IF(M56<95,"Excellent","Exceptional"))))) -> Solid | O56: =MIN(100,MAX(G56,J56,M56)*(1+0.05*3)) -> 80.921667 | P56: =IF(O56<40,"Poor",IF(O56<55,"Basic",IF(O56<70,"Solid",IF(O56<85,"Strong",IF(O56<95,"Excellent","Exceptional"))))) -> Strong
A57: Reinforced Hull Plate | B57: Keth Iron | C57: Keth Iron | D57: Thornwake Crystal | E57: =AVERAGE(INDEX(Resources!$B$2:$F$10,MATCH($B57,Resources!$A$2:$A$10,0),1),INDEX(Resources!$B$2:$F$10,MATCH($C57,Resources!$A$2:$A$10,0),1),INDEX(Resources!$B$2:$F$10,MATCH($D57,Resources!$A$2:$A$10,0),1)) -> 543.33333 | F57: Max Condition | G57: =(Weights!$C$8*IF(Weights!$D$8=0,$E57,INDEX(Resources!$B$2:$F$10,MATCH(CHOOSE(Weights!$D$8,$B57,$C57,$D57),Resources!$A$2:$A$10,0),MATCH(Weights!$E$8,Resources!$B$1:$F$1,0)))+Weights!$F$8*IF(Weights!$G$8=0,$E57,INDEX(Resources!$B$2:$F$10,MATCH(CHOOSE(Weights!$G$8,$B57,$C57,$D57),Resources!$A$2:$A$10,0),MATCH(Weights!$H$8,Resources!$B$1:$F$1,0)))+Weights!$I$8*IF(Weights!$J$8=0,$E57,INDEX(Resources!$B$2:$F$10,MATCH(CHOOSE(Weights!$J$8,$B57,$C57,$D57),Resources!$A$2:$A$10,0),MATCH(Weights!$K$8,Resources!$B$1:$F$1,0))))/10 -> 59.633333 | H57: =IF(G57<40,"Poor",IF(G57<55,"Basic",IF(G57<70,"Solid",IF(G57<85,"Strong",IF(G57<95,"Excellent","Exceptional"))))) -> Solid | I57: Damage Reduction | J57: =(Weights!$C$9*IF(Weights!$D$9=0,$E57,INDEX(Resources!$B$2:$F$10,MATCH(CHOOSE(Weights!$D$9,$B57,$C57,$D57),Resources!$A$2:$A$10,0),MATCH(Weights!$E$9,Resources!$B$1:$F$1,0)))+Weights!$F$9*IF(Weights!$G$9=0,$E57,INDEX(Resources!$B$2:$F$10,MATCH(CHOOSE(Weights!$G$9,$B57,$C57,$D57),Resources!$A$2:$A$10,0),MATCH(Weights!$H$9,Resources!$B$1:$F$1,0)))+Weights!$I$9*IF(Weights!$J$9=0,$E57,INDEX(Resources!$B$2:$F$10,MATCH(CHOOSE(Weights!$J$9,$B57,$C57,$D57),Resources!$A$2:$A$10,0),MATCH(Weights!$K$9,Resources!$B$1:$F$1,0))))/10 -> 49.666667 | K57: =IF(J57<40,"Poor",IF(J57<55,"Basic",IF(J57<70,"Solid",IF(J57<85,"Strong",IF(J57<95,"Excellent","Exceptional"))))) -> Basic | L57: Repairability | M57: =(Weights!$C$10*IF(Weights!$D$10=0,$E57,INDEX(Resources!$B$2:$F$10,MATCH(CHOOSE(Weights!$D$10,$B57,$C57,$D57),Resources!$A$2:$A$10,0),MATCH(Weights!$E$10,Resources!$B$1:$F$1,0)))+Weights!$F$10*IF(Weights!$G$10=0,$E57,INDEX(Resources!$B$2:$F$10,MATCH(CHOOSE(Weights!$G$10,$B57,$C57,$D57),Resources!$A$2:$A$10,0),MATCH(Weights!$H$10,Resources!$B$1:$F$1,0)))+Weights!$I$10*IF(Weights!$J$10=0,$E57,INDEX(Resources!$B$2:$F$10,MATCH(CHOOSE(Weights!$J$10,$B57,$C57,$D57),Resources!$A$2:$A$10,0),MATCH(Weights!$K$10,Resources!$B$1:$F$1,0))))/10 -> 57.216667 | N57: =IF(M57<40,"Poor",IF(M57<55,"Basic",IF(M57<70,"Solid",IF(M57<85,"Strong",IF(M57<95,"Excellent","Exceptional"))))) -> Solid | O57: =MIN(100,MAX(G57,J57,M57)*(1+0.05*3)) -> 68.578333 | P57: =IF(O57<40,"Poor",IF(O57<55,"Basic",IF(O57<70,"Solid",IF(O57<85,"Strong",IF(O57<95,"Excellent","Exceptional"))))) -> Solid
A58: Reinforced Hull Plate | B58: Keth Iron | C58: Keth Iron | D58: Glimmerfall Shard | E58: =AVERAGE(INDEX(Resources!$B$2:$F$10,MATCH($B58,Resources!$A$2:$A$10,0),1),INDEX(Resources!$B$2:$F$10,MATCH($C58,Resources!$A$2:$A$10,0),1),INDEX(Resources!$B$2:$F$10,MATCH($D58,Resources!$A$2:$A$10,0),1)) -> 613.33333 | F58: Max Condition | G58: =(Weights!$C$8*IF(Weights!$D$8=0,$E58,INDEX(Resources!$B$2:$F$10,MATCH(CHOOSE(Weights!$D$8,$B58,$C58,$D58),Resources!$A$2:$A$10,0),MATCH(Weights!$E$8,Resources!$B$1:$F$1,0)))+Weights!$F$8*IF(Weights!$G$8=0,$E58,INDEX(Resources!$B$2:$F$10,MATCH(CHOOSE(Weights!$G$8,$B58,$C58,$D58),Resources!$A$2:$A$10,0),MATCH(Weights!$H$8,Resources!$B$1:$F$1,0)))+Weights!$I$8*IF(Weights!$J$8=0,$E58,INDEX(Resources!$B$2:$F$10,MATCH(CHOOSE(Weights!$J$8,$B58,$C58,$D58),Resources!$A$2:$A$10,0),MATCH(Weights!$K$8,Resources!$B$1:$F$1,0))))/10 -> 61.383333 | H58: =IF(G58<40,"Poor",IF(G58<55,"Basic",IF(G58<70,"Solid",IF(G58<85,"Strong",IF(G58<95,"Excellent","Exceptional"))))) -> Solid | I58: Damage Reduction | J58: =(Weights!$C$9*IF(Weights!$D$9=0,$E58,INDEX(Resources!$B$2:$F$10,MATCH(CHOOSE(Weights!$D$9,$B58,$C58,$D58),Resources!$A$2:$A$10,0),MATCH(Weights!$E$9,Resources!$B$1:$F$1,0)))+Weights!$F$9*IF(Weights!$G$9=0,$E58,INDEX(Resources!$B$2:$F$10,MATCH(CHOOSE(Weights!$G$9,$B58,$C58,$D58),Resources!$A$2:$A$10,0),MATCH(Weights!$H$9,Resources!$B$1:$F$1,0)))+Weights!$I$9*IF(Weights!$J$9=0,$E58,INDEX(Resources!$B$2:$F$10,MATCH(CHOOSE(Weights!$J$9,$B58,$C58,$D58),Resources!$A$2:$A$10,0),MATCH(Weights!$K$9,Resources!$B$1:$F$1,0))))/10 -> 63.966667 | K58: =IF(J58<40,"Poor",IF(J58<55,"Basic",IF(J58<70,"Solid",IF(J58<85,"Strong",IF(J58<95,"Excellent","Exceptional"))))) -> Solid | L58: Repairability | M58: =(Weights!$C$10*IF(Weights!$D$10=0,$E58,INDEX(Resources!$B$2:$F$10,MATCH(CHOOSE(Weights!$D$10,$B58,$C58,$D58),Resources!$A$2:$A$10,0),MATCH(Weights!$E$10,Resources!$B$1:$F$1,0)))+Weights!$F$10*IF(Weights!$G$10=0,$E58,INDEX(Resources!$B$2:$F$10,MATCH(CHOOSE(Weights!$G$10,$B58,$C58,$D58),Resources!$A$2:$A$10,0),MATCH(Weights!$H$10,Resources!$B$1:$F$1,0)))+Weights!$I$10*IF(Weights!$J$10=0,$E58,INDEX(Resources!$B$2:$F$10,MATCH(CHOOSE(Weights!$J$10,$B58,$C58,$D58),Resources!$A$2:$A$10,0),MATCH(Weights!$K$10,Resources!$B$1:$F$1,0))))/10 -> 59.666667 | N58: =IF(M58<40,"Poor",IF(M58<55,"Basic",IF(M58<70,"Solid",IF(M58<85,"Strong",IF(M58<95,"Excellent","Exceptional"))))) -> Solid | O58: =MIN(100,MAX(G58,J58,M58)*(1+0.05*3)) -> 73.561667 | P58: =IF(O58<40,"Poor",IF(O58<55,"Basic",IF(O58<70,"Solid",IF(O58<85,"Strong",IF(O58<95,"Excellent","Exceptional"))))) -> Strong
A59: Reinforced Hull Plate | B59: Keth Iron | C59: Asterion Frame Alloy | D59: Pale Ember Crystal | E59: =AVERAGE(INDEX(Resources!$B$2:$F$10,MATCH($B59,Resources!$A$2:$A$10,0),1),INDEX(Resources!$B$2:$F$10,MATCH($C59,Resources!$A$2:$A$10,0),1),INDEX(Resources!$B$2:$F$10,MATCH($D59,Resources!$A$2:$A$10,0),1)) -> 630 | F59: Max Condition | G59: =(Weights!$C$8*IF(Weights!$D$8=0,$E59,INDEX(Resources!$B$2:$F$10,MATCH(CHOOSE(Weights!$D$8,$B59,$C59,$D59),Resources!$A$2:$A$10,0),MATCH(Weights!$E$8,Resources!$B$1:$F$1,0)))+Weights!$F$8*IF(Weights!$G$8=0,$E59,INDEX(Resources!$B$2:$F$10,MATCH(CHOOSE(Weights!$G$8,$B59,$C59,$D59),Resources!$A$2:$A$10,0),MATCH(Weights!$H$8,Resources!$B$1:$F$1,0)))+Weights!$I$8*IF(Weights!$J$8=0,$E59,INDEX(Resources!$B$2:$F$10,MATCH(CHOOSE(Weights!$J$8,$B59,$C59,$D59),Resources!$A$2:$A$10,0),MATCH(Weights!$K$8,Resources!$B$1:$F$1,0))))/10 -> 67.8 | H59: =IF(G59<40,"Poor",IF(G59<55,"Basic",IF(G59<70,"Solid",IF(G59<85,"Strong",IF(G59<95,"Excellent","Exceptional"))))) -> Solid | I59: Damage Reduction | J59: =(Weights!$C$9*IF(Weights!$D$9=0,$E59,INDEX(Resources!$B$2:$F$10,MATCH(CHOOSE(Weights!$D$9,$B59,$C59,$D59),Resources!$A$2:$A$10,0),MATCH(Weights!$E$9,Resources!$B$1:$F$1,0)))+Weights!$F$9*IF(Weights!$G$9=0,$E59,INDEX(Resources!$B$2:$F$10,MATCH(CHOOSE(Weights!$G$9,$B59,$C59,$D59),Resources!$A$2:$A$10,0),MATCH(Weights!$H$9,Resources!$B$1:$F$1,0)))+Weights!$I$9*IF(Weights!$J$9=0,$E59,INDEX(Resources!$B$2:$F$10,MATCH(CHOOSE(Weights!$J$9,$B59,$C59,$D59),Resources!$A$2:$A$10,0),MATCH(Weights!$K$9,Resources!$B$1:$F$1,0))))/10 -> 71.5 | K59: =IF(J59<40,"Poor",IF(J59<55,"Basic",IF(J59<70,"Solid",IF(J59<85,"Strong",IF(J59<95,"Excellent","Exceptional"))))) -> Strong | L59: Repairability | M59: =(Weights!$C$10*IF(Weights!$D$10=0,$E59,INDEX(Resources!$B$2:$F$10,MATCH(CHOOSE(Weights!$D$10,$B59,$C59,$D59),Resources!$A$2:$A$10,0),MATCH(Weights!$E$10,Resources!$B$1:$F$1,0)))+Weights!$F$10*IF(Weights!$G$10=0,$E59,INDEX(Resources!$B$2:$F$10,MATCH(CHOOSE(Weights!$G$10,$B59,$C59,$D59),Resources!$A$2:$A$10,0),MATCH(Weights!$H$10,Resources!$B$1:$F$1,0)))+Weights!$I$10*IF(Weights!$J$10=0,$E59,INDEX(Resources!$B$2:$F$10,MATCH(CHOOSE(Weights!$J$10,$B59,$C59,$D59),Resources!$A$2:$A$10,0),MATCH(Weights!$K$10,Resources!$B$1:$F$1,0))))/10 -> 69.25 | N59: =IF(M59<40,"Poor",IF(M59<55,"Basic",IF(M59<70,"Solid",IF(M59<85,"Strong",IF(M59<95,"Excellent","Exceptional"))))) -> Solid | O59: =MIN(100,MAX(G59,J59,M59)*(1+0.05*3)) -> 82.225 | P59: =IF(O59<40,"Poor",IF(O59<55,"Basic",IF(O59<70,"Solid",IF(O59<85,"Strong",IF(O59<95,"Excellent","Exceptional"))))) -> Strong
A60: Reinforced Hull Plate | B60: Keth Iron | C60: Asterion Frame Alloy | D60: Thornwake Crystal | E60: =AVERAGE(INDEX(Resources!$B$2:$F$10,MATCH($B60,Resources!$A$2:$A$10,0),1),INDEX(Resources!$B$2:$F$10,MATCH($C60,Resources!$A$2:$A$10,0),1),INDEX(Resources!$B$2:$F$10,MATCH($D60,Resources!$A$2:$A$10,0),1)) -> 600 | F60: Max Condition | G60: =(Weights!$C$8*IF(Weights!$D$8=0,$E60,INDEX(Resources!$B$2:$F$10,MATCH(CHOOSE(Weights!$D$8,$B60,$C60,$D60),Resources!$A$2:$A$10,0),MATCH(Weights!$E$8,Resources!$B$1:$F$1,0)))+Weights!$F$8*IF(Weights!$G$8=0,$E60,INDEX(Resources!$B$2:$F$10,MATCH(CHOOSE(Weights!$G$8,$B60,$C60,$D60),Resources!$A$2:$A$10,0),MATCH(Weights!$H$8,Resources!$B$1:$F$1,0)))+Weights!$I$8*IF(Weights!$J$8=0,$E60,INDEX(Resources!$B$2:$F$10,MATCH(CHOOSE(Weights!$J$8,$B60,$C60,$D60),Resources!$A$2:$A$10,0),MATCH(Weights!$K$8,Resources!$B$1:$F$1,0))))/10 -> 67.05 | H60: =IF(G60<40,"Poor",IF(G60<55,"Basic",IF(G60<70,"Solid",IF(G60<85,"Strong",IF(G60<95,"Excellent","Exceptional"))))) -> Solid | I60: Damage Reduction | J60: =(Weights!$C$9*IF(Weights!$D$9=0,$E60,INDEX(Resources!$B$2:$F$10,MATCH(CHOOSE(Weights!$D$9,$B60,$C60,$D60),Resources!$A$2:$A$10,0),MATCH(Weights!$E$9,Resources!$B$1:$F$1,0)))+Weights!$F$9*IF(Weights!$G$9=0,$E60,INDEX(Resources!$B$2:$F$10,MATCH(CHOOSE(Weights!$G$9,$B60,$C60,$D60),Resources!$A$2:$A$10,0),MATCH(Weights!$H$9,Resources!$B$1:$F$1,0)))+Weights!$I$9*IF(Weights!$J$9=0,$E60,INDEX(Resources!$B$2:$F$10,MATCH(CHOOSE(Weights!$J$9,$B60,$C60,$D60),Resources!$A$2:$A$10,0),MATCH(Weights!$K$9,Resources!$B$1:$F$1,0))))/10 -> 50.8 | K60: =IF(J60<40,"Poor",IF(J60<55,"Basic",IF(J60<70,"Solid",IF(J60<85,"Strong",IF(J60<95,"Excellent","Exceptional"))))) -> Basic | L60: Repairability | M60: =(Weights!$C$10*IF(Weights!$D$10=0,$E60,INDEX(Resources!$B$2:$F$10,MATCH(CHOOSE(Weights!$D$10,$B60,$C60,$D60),Resources!$A$2:$A$10,0),MATCH(Weights!$E$10,Resources!$B$1:$F$1,0)))+Weights!$F$10*IF(Weights!$G$10=0,$E60,INDEX(Resources!$B$2:$F$10,MATCH(CHOOSE(Weights!$G$10,$B60,$C60,$D60),Resources!$A$2:$A$10,0),MATCH(Weights!$H$10,Resources!$B$1:$F$1,0)))+Weights!$I$10*IF(Weights!$J$10=0,$E60,INDEX(Resources!$B$2:$F$10,MATCH(CHOOSE(Weights!$J$10,$B60,$C60,$D60),Resources!$A$2:$A$10,0),MATCH(Weights!$K$10,Resources!$B$1:$F$1,0))))/10 -> 68.2 | N60: =IF(M60<40,"Poor",IF(M60<55,"Basic",IF(M60<70,"Solid",IF(M60<85,"Strong",IF(M60<95,"Excellent","Exceptional"))))) -> Solid | O60: =MIN(100,MAX(G60,J60,M60)*(1+0.05*3)) -> 78.43 | P60: =IF(O60<40,"Poor",IF(O60<55,"Basic",IF(O60<70,"Solid",IF(O60<85,"Strong",IF(O60<95,"Excellent","Exceptional"))))) -> Strong
A61: Reinforced Hull Plate | B61: Keth Iron | C61: Asterion Frame Alloy | D61: Glimmerfall Shard | E61: =AVERAGE(INDEX(Resources!$B$2:$F$10,MATCH($B61,Resources!$A$2:$A$10,0),1),INDEX(Resources!$B$2:$F$10,MATCH($C61,Resources!$A$2:$A$10,0),1),INDEX(Resources!$B$2:$F$10,MATCH($D61,Resources!$A$2:$A$10,0),1)) -> 670 | F61: Max Condition | G61: =(Weights!$C$8*IF(Weights!$D$8=0,$E61,INDEX(Resources!$B$2:$F$10,MATCH(CHOOSE(Weights!$D$8,$B61,$C61,$D61),Resources!$A$2:$A$10,0),MATCH(Weights!$E$8,Resources!$B$1:$F$1,0)))+Weights!$F$8*IF(Weights!$G$8=0,$E61,INDEX(Resources!$B$2:$F$10,MATCH(CHOOSE(Weights!$G$8,$B61,$C61,$D61),Resources!$A$2:$A$10,0),MATCH(Weights!$H$8,Resources!$B$1:$F$1,0)))+Weights!$I$8*IF(Weights!$J$8=0,$E61,INDEX(Resources!$B$2:$F$10,MATCH(CHOOSE(Weights!$J$8,$B61,$C61,$D61),Resources!$A$2:$A$10,0),MATCH(Weights!$K$8,Resources!$B$1:$F$1,0))))/10 -> 68.8 | H61: =IF(G61<40,"Poor",IF(G61<55,"Basic",IF(G61<70,"Solid",IF(G61<85,"Strong",IF(G61<95,"Excellent","Exceptional"))))) -> Solid | I61: Damage Reduction | J61: =(Weights!$C$9*IF(Weights!$D$9=0,$E61,INDEX(Resources!$B$2:$F$10,MATCH(CHOOSE(Weights!$D$9,$B61,$C61,$D61),Resources!$A$2:$A$10,0),MATCH(Weights!$E$9,Resources!$B$1:$F$1,0)))+Weights!$F$9*IF(Weights!$G$9=0,$E61,INDEX(Resources!$B$2:$F$10,MATCH(CHOOSE(Weights!$G$9,$B61,$C61,$D61),Resources!$A$2:$A$10,0),MATCH(Weights!$H$9,Resources!$B$1:$F$1,0)))+Weights!$I$9*IF(Weights!$J$9=0,$E61,INDEX(Resources!$B$2:$F$10,MATCH(CHOOSE(Weights!$J$9,$B61,$C61,$D61),Resources!$A$2:$A$10,0),MATCH(Weights!$K$9,Resources!$B$1:$F$1,0))))/10 -> 65.1 | K61: =IF(J61<40,"Poor",IF(J61<55,"Basic",IF(J61<70,"Solid",IF(J61<85,"Strong",IF(J61<95,"Excellent","Exceptional"))))) -> Solid | L61: Repairability | M61: =(Weights!$C$10*IF(Weights!$D$10=0,$E61,INDEX(Resources!$B$2:$F$10,MATCH(CHOOSE(Weights!$D$10,$B61,$C61,$D61),Resources!$A$2:$A$10,0),MATCH(Weights!$E$10,Resources!$B$1:$F$1,0)))+Weights!$F$10*IF(Weights!$G$10=0,$E61,INDEX(Resources!$B$2:$F$10,MATCH(CHOOSE(Weights!$G$10,$B61,$C61,$D61),Resources!$A$2:$A$10,0),MATCH(Weights!$H$10,Resources!$B$1:$F$1,0)))+Weights!$I$10*IF(Weights!$J$10=0,$E61,INDEX(Resources!$B$2:$F$10,MATCH(CHOOSE(Weights!$J$10,$B61,$C61,$D61),Resources!$A$2:$A$10,0),MATCH(Weights!$K$10,Resources!$B$1:$F$1,0))))/10 -> 70.65 | N61: =IF(M61<40,"Poor",IF(M61<55,"Basic",IF(M61<70,"Solid",IF(M61<85,"Strong",IF(M61<95,"Excellent","Exceptional"))))) -> Strong | O61: =MIN(100,MAX(G61,J61,M61)*(1+0.05*3)) -> 81.2475 | P61: =IF(O61<40,"Poor",IF(O61<55,"Basic",IF(O61<70,"Solid",IF(O61<85,"Strong",IF(O61<95,"Excellent","Exceptional"))))) -> Strong
A62: Reinforced Hull Plate | B62: Keth Iron | C62: Bendrel Ridge Alloy | D62: Pale Ember Crystal | E62: =AVERAGE(INDEX(Resources!$B$2:$F$10,MATCH($B62,Resources!$A$2:$A$10,0),1),INDEX(Resources!$B$2:$F$10,MATCH($C62,Resources!$A$2:$A$10,0),1),INDEX(Resources!$B$2:$F$10,MATCH($D62,Resources!$A$2:$A$10,0),1)) -> 603.33333 | F62: Max Condition | G62: =(Weights!$C$8*IF(Weights!$D$8=0,$E62,INDEX(Resources!$B$2:$F$10,MATCH(CHOOSE(Weights!$D$8,$B62,$C62,$D62),Resources!$A$2:$A$10,0),MATCH(Weights!$E$8,Resources!$B$1:$F$1,0)))+Weights!$F$8*IF(Weights!$G$8=0,$E62,INDEX(Resources!$B$2:$F$10,MATCH(CHOOSE(Weights!$G$8,$B62,$C62,$D62),Resources!$A$2:$A$10,0),MATCH(Weights!$H$8,Resources!$B$1:$F$1,0)))+Weights!$I$8*IF(Weights!$J$8=0,$E62,INDEX(Resources!$B$2:$F$10,MATCH(CHOOSE(Weights!$J$8,$B62,$C62,$D62),Resources!$A$2:$A$10,0),MATCH(Weights!$K$8,Resources!$B$1:$F$1,0))))/10 -> 70.733333 | H62: =IF(G62<40,"Poor",IF(G62<55,"Basic",IF(G62<70,"Solid",IF(G62<85,"Strong",IF(G62<95,"Excellent","Exceptional"))))) -> Strong | I62: Damage Reduction | J62: =(Weights!$C$9*IF(Weights!$D$9=0,$E62,INDEX(Resources!$B$2:$F$10,MATCH(CHOOSE(Weights!$D$9,$B62,$C62,$D62),Resources!$A$2:$A$10,0),MATCH(Weights!$E$9,Resources!$B$1:$F$1,0)))+Weights!$F$9*IF(Weights!$G$9=0,$E62,INDEX(Resources!$B$2:$F$10,MATCH(CHOOSE(Weights!$G$9,$B62,$C62,$D62),Resources!$A$2:$A$10,0),MATCH(Weights!$H$9,Resources!$B$1:$F$1,0)))+Weights!$I$9*IF(Weights!$J$9=0,$E62,INDEX(Resources!$B$2:$F$10,MATCH(CHOOSE(Weights!$J$9,$B62,$C62,$D62),Resources!$A$2:$A$10,0),MATCH(Weights!$K$9,Resources!$B$1:$F$1,0))))/10 -> 70.966667 | K62: =IF(J62<40,"Poor",IF(J62<55,"Basic",IF(J62<70,"Solid",IF(J62<85,"Strong",IF(J62<95,"Excellent","Exceptional"))))) -> Strong | L62: Repairability | M62: =(Weights!$C$10*IF(Weights!$D$10=0,$E62,INDEX(Resources!$B$2:$F$10,MATCH(CHOOSE(Weights!$D$10,$B62,$C62,$D62),Resources!$A$2:$A$10,0),MATCH(Weights!$E$10,Resources!$B$1:$F$1,0)))+Weights!$F$10*IF(Weights!$G$10=0,$E62,INDEX(Resources!$B$2:$F$10,MATCH(CHOOSE(Weights!$G$10,$B62,$C62,$D62),Resources!$A$2:$A$10,0),MATCH(Weights!$H$10,Resources!$B$1:$F$1,0)))+Weights!$I$10*IF(Weights!$J$10=0,$E62,INDEX(Resources!$B$2:$F$10,MATCH(CHOOSE(Weights!$J$10,$B62,$C62,$D62),Resources!$A$2:$A$10,0),MATCH(Weights!$K$10,Resources!$B$1:$F$1,0))))/10 -> 73.716667 | N62: =IF(M62<40,"Poor",IF(M62<55,"Basic",IF(M62<70,"Solid",IF(M62<85,"Strong",IF(M62<95,"Excellent","Exceptional"))))) -> Strong | O62: =MIN(100,MAX(G62,J62,M62)*(1+0.05*3)) -> 84.774167 | P62: =IF(O62<40,"Poor",IF(O62<55,"Basic",IF(O62<70,"Solid",IF(O62<85,"Strong",IF(O62<95,"Excellent","Exceptional"))))) -> Strong
A63: Reinforced Hull Plate | B63: Keth Iron | C63: Bendrel Ridge Alloy | D63: Thornwake Crystal | E63: =AVERAGE(INDEX(Resources!$B$2:$F$10,MATCH($B63,Resources!$A$2:$A$10,0),1),INDEX(Resources!$B$2:$F$10,MATCH($C63,Resources!$A$2:$A$10,0),1),INDEX(Resources!$B$2:$F$10,MATCH($D63,Resources!$A$2:$A$10,0),1)) -> 573.33333 | F63: Max Condition | G63: =(Weights!$C$8*IF(Weights!$D$8=0,$E63,INDEX(Resources!$B$2:$F$10,MATCH(CHOOSE(Weights!$D$8,$B63,$C63,$D63),Resources!$A$2:$A$10,0),MATCH(Weights!$E$8,Resources!$B$1:$F$1,0)))+Weights!$F$8*IF(Weights!$G$8=0,$E63,INDEX(Resources!$B$2:$F$10,MATCH(CHOOSE(Weights!$G$8,$B63,$C63,$D63),Resources!$A$2:$A$10,0),MATCH(Weights!$H$8,Resources!$B$1:$F$1,0)))+Weights!$I$8*IF(Weights!$J$8=0,$E63,INDEX(Resources!$B$2:$F$10,MATCH(CHOOSE(Weights!$J$8,$B63,$C63,$D63),Resources!$A$2:$A$10,0),MATCH(Weights!$K$8,Resources!$B$1:$F$1,0))))/10 -> 69.983333 | H63: =IF(G63<40,"Poor",IF(G63<55,"Basic",IF(G63<70,"Solid",IF(G63<85,"Strong",IF(G63<95,"Excellent","Exceptional"))))) -> Solid | I63: Damage Reduction | J63: =(Weights!$C$9*IF(Weights!$D$9=0,$E63,INDEX(Resources!$B$2:$F$10,MATCH(CHOOSE(Weights!$D$9,$B63,$C63,$D63),Resources!$A$2:$A$10,0),MATCH(Weights!$E$9,Resources!$B$1:$F$1,0)))+Weights!$F$9*IF(Weights!$G$9=0,$E63,INDEX(Resources!$B$2:$F$10,MATCH(CHOOSE(Weights!$G$9,$B63,$C63,$D63),Resources!$A$2:$A$10,0),MATCH(Weights!$H$9,Resources!$B$1:$F$1,0)))+Weights!$I$9*IF(Weights!$J$9=0,$E63,INDEX(Resources!$B$2:$F$10,MATCH(CHOOSE(Weights!$J$9,$B63,$C63,$D63),Resources!$A$2:$A$10,0),MATCH(Weights!$K$9,Resources!$B$1:$F$1,0))))/10 -> 50.266667 | K63: =IF(J63<40,"Poor",IF(J63<55,"Basic",IF(J63<70,"Solid",IF(J63<85,"Strong",IF(J63<95,"Excellent","Exceptional"))))) -> Basic | L63: Repairability | M63: =(Weights!$C$10*IF(Weights!$D$10=0,$E63,INDEX(Resources!$B$2:$F$10,MATCH(CHOOSE(Weights!$D$10,$B63,$C63,$D63),Resources!$A$2:$A$10,0),MATCH(Weights!$E$10,Resources!$B$1:$F$1,0)))+Weights!$F$10*IF(Weights!$G$10=0,$E63,INDEX(Resources!$B$2:$F$10,MATCH(CHOOSE(Weights!$G$10,$B63,$C63,$D63),Resources!$A$2:$A$10,0),MATCH(Weights!$H$10,Resources!$B$1:$F$1,0)))+Weights!$I$10*IF(Weights!$J$10=0,$E63,INDEX(Resources!$B$2:$F$10,MATCH(CHOOSE(Weights!$J$10,$B63,$C63,$D63),Resources!$A$2:$A$10,0),MATCH(Weights!$K$10,Resources!$B$1:$F$1,0))))/10 -> 72.666667 | N63: =IF(M63<40,"Poor",IF(M63<55,"Basic",IF(M63<70,"Solid",IF(M63<85,"Strong",IF(M63<95,"Excellent","Exceptional"))))) -> Strong | O63: =MIN(100,MAX(G63,J63,M63)*(1+0.05*3)) -> 83.566667 | P63: =IF(O63<40,"Poor",IF(O63<55,"Basic",IF(O63<70,"Solid",IF(O63<85,"Strong",IF(O63<95,"Excellent","Exceptional"))))) -> Strong
A64: Reinforced Hull Plate | B64: Keth Iron | C64: Bendrel Ridge Alloy | D64: Glimmerfall Shard | E64: =AVERAGE(INDEX(Resources!$B$2:$F$10,MATCH($B64,Resources!$A$2:$A$10,0),1),INDEX(Resources!$B$2:$F$10,MATCH($C64,Resources!$A$2:$A$10,0),1),INDEX(Resources!$B$2:$F$10,MATCH($D64,Resources!$A$2:$A$10,0),1)) -> 643.33333 | F64: Max Condition | G64: =(Weights!$C$8*IF(Weights!$D$8=0,$E64,INDEX(Resources!$B$2:$F$10,MATCH(CHOOSE(Weights!$D$8,$B64,$C64,$D64),Resources!$A$2:$A$10,0),MATCH(Weights!$E$8,Resources!$B$1:$F$1,0)))+Weights!$F$8*IF(Weights!$G$8=0,$E64,INDEX(Resources!$B$2:$F$10,MATCH(CHOOSE(Weights!$G$8,$B64,$C64,$D64),Resources!$A$2:$A$10,0),MATCH(Weights!$H$8,Resources!$B$1:$F$1,0)))+Weights!$I$8*IF(Weights!$J$8=0,$E64,INDEX(Resources!$B$2:$F$10,MATCH(CHOOSE(Weights!$J$8,$B64,$C64,$D64),Resources!$A$2:$A$10,0),MATCH(Weights!$K$8,Resources!$B$1:$F$1,0))))/10 -> 71.733333 | H64: =IF(G64<40,"Poor",IF(G64<55,"Basic",IF(G64<70,"Solid",IF(G64<85,"Strong",IF(G64<95,"Excellent","Exceptional"))))) -> Strong | I64: Damage Reduction | J64: =(Weights!$C$9*IF(Weights!$D$9=0,$E64,INDEX(Resources!$B$2:$F$10,MATCH(CHOOSE(Weights!$D$9,$B64,$C64,$D64),Resources!$A$2:$A$10,0),MATCH(Weights!$E$9,Resources!$B$1:$F$1,0)))+Weights!$F$9*IF(Weights!$G$9=0,$E64,INDEX(Resources!$B$2:$F$10,MATCH(CHOOSE(Weights!$G$9,$B64,$C64,$D64),Resources!$A$2:$A$10,0),MATCH(Weights!$H$9,Resources!$B$1:$F$1,0)))+Weights!$I$9*IF(Weights!$J$9=0,$E64,INDEX(Resources!$B$2:$F$10,MATCH(CHOOSE(Weights!$J$9,$B64,$C64,$D64),Resources!$A$2:$A$10,0),MATCH(Weights!$K$9,Resources!$B$1:$F$1,0))))/10 -> 64.566667 | K64: =IF(J64<40,"Poor",IF(J64<55,"Basic",IF(J64<70,"Solid",IF(J64<85,"Strong",IF(J64<95,"Excellent","Exceptional"))))) -> Solid | L64: Repairability | M64: =(Weights!$C$10*IF(Weights!$D$10=0,$E64,INDEX(Resources!$B$2:$F$10,MATCH(CHOOSE(Weights!$D$10,$B64,$C64,$D64),Resources!$A$2:$A$10,0),MATCH(Weights!$E$10,Resources!$B$1:$F$1,0)))+Weights!$F$10*IF(Weights!$G$10=0,$E64,INDEX(Resources!$B$2:$F$10,MATCH(CHOOSE(Weights!$G$10,$B64,$C64,$D64),Resources!$A$2:$A$10,0),MATCH(Weights!$H$10,Resources!$B$1:$F$1,0)))+Weights!$I$10*IF(Weights!$J$10=0,$E64,INDEX(Resources!$B$2:$F$10,MATCH(CHOOSE(Weights!$J$10,$B64,$C64,$D64),Resources!$A$2:$A$10,0),MATCH(Weights!$K$10,Resources!$B$1:$F$1,0))))/10 -> 75.116667 | N64: =IF(M64<40,"Poor",IF(M64<55,"Basic",IF(M64<70,"Solid",IF(M64<85,"Strong",IF(M64<95,"Excellent","Exceptional"))))) -> Strong | O64: =MIN(100,MAX(G64,J64,M64)*(1+0.05*3)) -> 86.384167 | P64: =IF(O64<40,"Poor",IF(O64<55,"Basic",IF(O64<70,"Solid",IF(O64<85,"Strong",IF(O64<95,"Excellent","Exceptional"))))) -> Excellent
A65: Reinforced Hull Plate | B65: Asterion Frame Alloy | C65: Keth Iron | D65: Pale Ember Crystal | E65: =AVERAGE(INDEX(Resources!$B$2:$F$10,MATCH($B65,Resources!$A$2:$A$10,0),1),INDEX(Resources!$B$2:$F$10,MATCH($C65,Resources!$A$2:$A$10,0),1),INDEX(Resources!$B$2:$F$10,MATCH($D65,Resources!$A$2:$A$10,0),1)) -> 630 | F65: Max Condition | G65: =(Weights!$C$8*IF(Weights!$D$8=0,$E65,INDEX(Resources!$B$2:$F$10,MATCH(CHOOSE(Weights!$D$8,$B65,$C65,$D65),Resources!$A$2:$A$10,0),MATCH(Weights!$E$8,Resources!$B$1:$F$1,0)))+Weights!$F$8*IF(Weights!$G$8=0,$E65,INDEX(Resources!$B$2:$F$10,MATCH(CHOOSE(Weights!$G$8,$B65,$C65,$D65),Resources!$A$2:$A$10,0),MATCH(Weights!$H$8,Resources!$B$1:$F$1,0)))+Weights!$I$8*IF(Weights!$J$8=0,$E65,INDEX(Resources!$B$2:$F$10,MATCH(CHOOSE(Weights!$J$8,$B65,$C65,$D65),Resources!$A$2:$A$10,0),MATCH(Weights!$K$8,Resources!$B$1:$F$1,0))))/10 -> 70.8 | H65: =IF(G65<40,"Poor",IF(G65<55,"Basic",IF(G65<70,"Solid",IF(G65<85,"Strong",IF(G65<95,"Excellent","Exceptional"))))) -> Strong | I65: Damage Reduction | J65: =(Weights!$C$9*IF(Weights!$D$9=0,$E65,INDEX(Resources!$B$2:$F$10,MATCH(CHOOSE(Weights!$D$9,$B65,$C65,$D65),Resources!$A$2:$A$10,0),MATCH(Weights!$E$9,Resources!$B$1:$F$1,0)))+Weights!$F$9*IF(Weights!$G$9=0,$E65,INDEX(Resources!$B$2:$F$10,MATCH(CHOOSE(Weights!$G$9,$B65,$C65,$D65),Resources!$A$2:$A$10,0),MATCH(Weights!$H$9,Resources!$B$1:$F$1,0)))+Weights!$I$9*IF(Weights!$J$9=0,$E65,INDEX(Resources!$B$2:$F$10,MATCH(CHOOSE(Weights!$J$9,$B65,$C65,$D65),Resources!$A$2:$A$10,0),MATCH(Weights!$K$9,Resources!$B$1:$F$1,0))))/10 -> 81.5 | K65: =IF(J65<40,"Poor",IF(J65<55,"Basic",IF(J65<70,"Solid",IF(J65<85,"Strong",IF(J65<95,"Excellent","Exceptional"))))) -> Strong | L65: Repairability | M65: =(Weights!$C$10*IF(Weights!$D$10=0,$E65,INDEX(Resources!$B$2:$F$10,MATCH(CHOOSE(Weights!$D$10,$B65,$C65,$D65),Resources!$A$2:$A$10,0),MATCH(Weights!$E$10,Resources!$B$1:$F$1,0)))+Weights!$F$10*IF(Weights!$G$10=0,$E65,INDEX(Resources!$B$2:$F$10,MATCH(CHOOSE(Weights!$G$10,$B65,$C65,$D65),Resources!$A$2:$A$10,0),MATCH(Weights!$H$10,Resources!$B$1:$F$1,0)))+Weights!$I$10*IF(Weights!$J$10=0,$E65,INDEX(Resources!$B$2:$F$10,MATCH(CHOOSE(Weights!$J$10,$B65,$C65,$D65),Resources!$A$2:$A$10,0),MATCH(Weights!$K$10,Resources!$B$1:$F$1,0))))/10 -> 64.25 | N65: =IF(M65<40,"Poor",IF(M65<55,"Basic",IF(M65<70,"Solid",IF(M65<85,"Strong",IF(M65<95,"Excellent","Exceptional"))))) -> Solid | O65: =MIN(100,MAX(G65,J65,M65)*(1+0.05*3)) -> 93.725 | P65: =IF(O65<40,"Poor",IF(O65<55,"Basic",IF(O65<70,"Solid",IF(O65<85,"Strong",IF(O65<95,"Excellent","Exceptional"))))) -> Excellent
A66: Reinforced Hull Plate | B66: Asterion Frame Alloy | C66: Keth Iron | D66: Thornwake Crystal | E66: =AVERAGE(INDEX(Resources!$B$2:$F$10,MATCH($B66,Resources!$A$2:$A$10,0),1),INDEX(Resources!$B$2:$F$10,MATCH($C66,Resources!$A$2:$A$10,0),1),INDEX(Resources!$B$2:$F$10,MATCH($D66,Resources!$A$2:$A$10,0),1)) -> 600 | F66: Max Condition | G66: =(Weights!$C$8*IF(Weights!$D$8=0,$E66,INDEX(Resources!$B$2:$F$10,MATCH(CHOOSE(Weights!$D$8,$B66,$C66,$D66),Resources!$A$2:$A$10,0),MATCH(Weights!$E$8,Resources!$B$1:$F$1,0)))+Weights!$F$8*IF(Weights!$G$8=0,$E66,INDEX(Resources!$B$2:$F$10,MATCH(CHOOSE(Weights!$G$8,$B66,$C66,$D66),Resources!$A$2:$A$10,0),MATCH(Weights!$H$8,Resources!$B$1:$F$1,0)))+Weights!$I$8*IF(Weights!$J$8=0,$E66,INDEX(Resources!$B$2:$F$10,MATCH(CHOOSE(Weights!$J$8,$B66,$C66,$D66),Resources!$A$2:$A$10,0),MATCH(Weights!$K$8,Resources!$B$1:$F$1,0))))/10 -> 70.05 | H66: =IF(G66<40,"Poor",IF(G66<55,"Basic",IF(G66<70,"Solid",IF(G66<85,"Strong",IF(G66<95,"Excellent","Exceptional"))))) -> Strong | I66: Damage Reduction | J66: =(Weights!$C$9*IF(Weights!$D$9=0,$E66,INDEX(Resources!$B$2:$F$10,MATCH(CHOOSE(Weights!$D$9,$B66,$C66,$D66),Resources!$A$2:$A$10,0),MATCH(Weights!$E$9,Resources!$B$1:$F$1,0)))+Weights!$F$9*IF(Weights!$G$9=0,$E66,INDEX(Resources!$B$2:$F$10,MATCH(CHOOSE(Weights!$G$9,$B66,$C66,$D66),Resources!$A$2:$A$10,0),MATCH(Weights!$H$9,Resources!$B$1:$F$1,0)))+Weights!$I$9*IF(Weights!$J$9=0,$E66,INDEX(Resources!$B$2:$F$10,MATCH(CHOOSE(Weights!$J$9,$B66,$C66,$D66),Resources!$A$2:$A$10,0),MATCH(Weights!$K$9,Resources!$B$1:$F$1,0))))/10 -> 60.8 | K66: =IF(J66<40,"Poor",IF(J66<55,"Basic",IF(J66<70,"Solid",IF(J66<85,"Strong",IF(J66<95,"Excellent","Exceptional"))))) -> Solid | L66: Repairability | M66: =(Weights!$C$10*IF(Weights!$D$10=0,$E66,INDEX(Resources!$B$2:$F$10,MATCH(CHOOSE(Weights!$D$10,$B66,$C66,$D66),Resources!$A$2:$A$10,0),MATCH(Weights!$E$10,Resources!$B$1:$F$1,0)))+Weights!$F$10*IF(Weights!$G$10=0,$E66,INDEX(Resources!$B$2:$F$10,MATCH(CHOOSE(Weights!$G$10,$B66,$C66,$D66),Resources!$A$2:$A$10,0),MATCH(Weights!$H$10,Resources!$B$1:$F$1,0)))+Weights!$I$10*IF(Weights!$J$10=0,$E66,INDEX(Resources!$B$2:$F$10,MATCH(CHOOSE(Weights!$J$10,$B66,$C66,$D66),Resources!$A$2:$A$10,0),MATCH(Weights!$K$10,Resources!$B$1:$F$1,0))))/10 -> 63.2 | N66: =IF(M66<40,"Poor",IF(M66<55,"Basic",IF(M66<70,"Solid",IF(M66<85,"Strong",IF(M66<95,"Excellent","Exceptional"))))) -> Solid | O66: =MIN(100,MAX(G66,J66,M66)*(1+0.05*3)) -> 80.5575 | P66: =IF(O66<40,"Poor",IF(O66<55,"Basic",IF(O66<70,"Solid",IF(O66<85,"Strong",IF(O66<95,"Excellent","Exceptional"))))) -> Strong
A67: Reinforced Hull Plate | B67: Asterion Frame Alloy | C67: Keth Iron | D67: Glimmerfall Shard | E67: =AVERAGE(INDEX(Resources!$B$2:$F$10,MATCH($B67,Resources!$A$2:$A$10,0),1),INDEX(Resources!$B$2:$F$10,MATCH($C67,Resources!$A$2:$A$10,0),1),INDEX(Resources!$B$2:$F$10,MATCH($D67,Resources!$A$2:$A$10,0),1)) -> 670 | F67: Max Condition | G67: =(Weights!$C$8*IF(Weights!$D$8=0,$E67,INDEX(Resources!$B$2:$F$10,MATCH(CHOOSE(Weights!$D$8,$B67,$C67,$D67),Resources!$A$2:$A$10,0),MATCH(Weights!$E$8,Resources!$B$1:$F$1,0)))+Weights!$F$8*IF(Weights!$G$8=0,$E67,INDEX(Resources!$B$2:$F$10,MATCH(CHOOSE(Weights!$G$8,$B67,$C67,$D67),Resources!$A$2:$A$10,0),MATCH(Weights!$H$8,Resources!$B$1:$F$1,0)))+Weights!$I$8*IF(Weights!$J$8=0,$E67,INDEX(Resources!$B$2:$F$10,MATCH(CHOOSE(Weights!$J$8,$B67,$C67,$D67),Resources!$A$2:$A$10,0),MATCH(Weights!$K$8,Resources!$B$1:$F$1,0))))/10 -> 71.8 | H67: =IF(G67<40,"Poor",IF(G67<55,"Basic",IF(G67<70,"Solid",IF(G67<85,"Strong",IF(G67<95,"Excellent","Exceptional"))))) -> Strong | I67: Damage Reduction | J67: =(Weights!$C$9*IF(Weights!$D$9=0,$E67,INDEX(Resources!$B$2:$F$10,MATCH(CHOOSE(Weights!$D$9,$B67,$C67,$D67),Resources!$A$2:$A$10,0),MATCH(Weights!$E$9,Resources!$B$1:$F$1,0)))+Weights!$F$9*IF(Weights!$G$9=0,$E67,INDEX(Resources!$B$2:$F$10,MATCH(CHOOSE(Weights!$G$9,$B67,$C67,$D67),Resources!$A$2:$A$10,0),MATCH(Weights!$H$9,Resources!$B$1:$F$1,0)))+Weights!$I$9*IF(Weights!$J$9=0,$E67,INDEX(Resources!$B$2:$F$10,MATCH(CHOOSE(Weights!$J$9,$B67,$C67,$D67),Resources!$A$2:$A$10,0),MATCH(Weights!$K$9,Resources!$B$1:$F$1,0))))/10 -> 75.1 | K67: =IF(J67<40,"Poor",IF(J67<55,"Basic",IF(J67<70,"Solid",IF(J67<85,"Strong",IF(J67<95,"Excellent","Exceptional"))))) -> Strong | L67: Repairability | M67: =(Weights!$C$10*IF(Weights!$D$10=0,$E67,INDEX(Resources!$B$2:$F$10,MATCH(CHOOSE(Weights!$D$10,$B67,$C67,$D67),Resources!$A$2:$A$10,0),MATCH(Weights!$E$10,Resources!$B$1:$F$1,0)))+Weights!$F$10*IF(Weights!$G$10=0,$E67,INDEX(Resources!$B$2:$F$10,MATCH(CHOOSE(Weights!$G$10,$B67,$C67,$D67),Resources!$A$2:$A$10,0),MATCH(Weights!$H$10,Resources!$B$1:$F$1,0)))+Weights!$I$10*IF(Weights!$J$10=0,$E67,INDEX(Resources!$B$2:$F$10,MATCH(CHOOSE(Weights!$J$10,$B67,$C67,$D67),Resources!$A$2:$A$10,0),MATCH(Weights!$K$10,Resources!$B$1:$F$1,0))))/10 -> 65.65 | N67: =IF(M67<40,"Poor",IF(M67<55,"Basic",IF(M67<70,"Solid",IF(M67<85,"Strong",IF(M67<95,"Excellent","Exceptional"))))) -> Solid | O67: =MIN(100,MAX(G67,J67,M67)*(1+0.05*3)) -> 86.365 | P67: =IF(O67<40,"Poor",IF(O67<55,"Basic",IF(O67<70,"Solid",IF(O67<85,"Strong",IF(O67<95,"Excellent","Exceptional"))))) -> Excellent
... A82: Reinforced Hull Plate | B82: Bendrel Ridge Alloy | C82: Bendrel Ridge Alloy | D82: Glimmerfall Shard | E82: =AVERAGE(INDEX(Resources!$B$2:$F$10,MATCH($B82,Resources!$A$2:$A$10,0),1),INDEX(Resources!$B$2:$F$10,MATCH($C82,Resources!$A$2:$A$10,0),1),INDEX(Resources!$B$2:$F$10,MATCH($D82,Resources!$A$2:$A$10,0),1)) -> 673.33333 | F82: Max Condition | G82: =(Weights!$C$8*IF(Weights!$D$8=0,$E82,INDEX(Resources!$B$2:$F$10,MATCH(CHOOSE(Weights!$D$8,$B82,$C82,$D82),Resources!$A$2:$A$10,0),MATCH(Weights!$E$8,Resources!$B$1:$F$1,0)))+Weights!$F$8*IF(Weights!$G$8=0,$E82,INDEX(Resources!$B$2:$F$10,MATCH(CHOOSE(Weights!$G$8,$B82,$C82,$D82),Resources!$A$2:$A$10,0),MATCH(Weights!$H$8,Resources!$B$1:$F$1,0)))+Weights!$I$8*IF(Weights!$J$8=0,$E82,INDEX(Resources!$B$2:$F$10,MATCH(CHOOSE(Weights!$J$8,$B82,$C82,$D82),Resources!$A$2:$A$10,0),MATCH(Weights!$K$8,Resources!$B$1:$F$1,0))))/10 -> 62.583333 | H82: =IF(G82<40,"Poor",IF(G82<55,"Basic",IF(G82<70,"Solid",IF(G82<85,"Strong",IF(G82<95,"Excellent","Exceptional"))))) -> Solid | I82: Damage Reduction | J82: =(Weights!$C$9*IF(Weights!$D$9=0,$E82,INDEX(Resources!$B$2:$F$10,MATCH(CHOOSE(Weights!$D$9,$B82,$C82,$D82),Resources!$A$2:$A$10,0),MATCH(Weights!$E$9,Resources!$B$1:$F$1,0)))+Weights!$F$9*IF(Weights!$G$9=0,$E82,INDEX(Resources!$B$2:$F$10,MATCH(CHOOSE(Weights!$G$9,$B82,$C82,$D82),Resources!$A$2:$A$10,0),MATCH(Weights!$H$9,Resources!$B$1:$F$1,0)))+Weights!$I$9*IF(Weights!$J$9=0,$E82,INDEX(Resources!$B$2:$F$10,MATCH(CHOOSE(Weights!$J$9,$B82,$C82,$D82),Resources!$A$2:$A$10,0),MATCH(Weights!$K$9,Resources!$B$1:$F$1,0))))/10 -> 54.166667 | K82: =IF(J82<40,"Poor",IF(J82<55,"Basic",IF(J82<70,"Solid",IF(J82<85,"Strong",IF(J82<95,"Excellent","Exceptional"))))) -> Basic | L82: Repairability | M82: =(Weights!$C$10*IF(Weights!$D$10=0,$E82,INDEX(Resources!$B$2:$F$10,MATCH(CHOOSE(Weights!$D$10,$B82,$C82,$D82),Resources!$A$2:$A$10,0),MATCH(Weights!$E$10,Resources!$B$1:$F$1,0)))+Weights!$F$10*IF(Weights!$G$10=0,$E82,INDEX(Resources!$B$2:$F$10,MATCH(CHOOSE(Weights!$G$10,$B82,$C82,$D82),Resources!$A$2:$A$10,0),MATCH(Weights!$H$10,Resources!$B$1:$F$1,0)))+Weights!$I$10*IF(Weights!$J$10=0,$E82,INDEX(Resources!$B$2:$F$10,MATCH(CHOOSE(Weights!$J$10,$B82,$C82,$D82),Resources!$A$2:$A$10,0),MATCH(Weights!$K$10,Resources!$B$1:$F$1,0))))/10 -> 71.766667 | N82: =IF(M82<40,"Poor",IF(M82<55,"Basic",IF(M82<70,"Solid",IF(M82<85,"Strong",IF(M82<95,"Excellent","Exceptional"))))) -> Strong | O82: =MIN(100,MAX(G82,J82,M82)*(1+0.05*3)) -> 82.531667 | P82: =IF(O82<40,"Poor",IF(O82<55,"Basic",IF(O82<70,"Solid",IF(O82<85,"Strong",IF(O82<95,"Excellent","Exceptional"))))) -> Strong
A83: Survey Scanner Module Mk I | B83: Red Mesa Conductive Slag | C83: Pale Ember Crystal | D83: Keth Iron | E83: =AVERAGE(INDEX(Resources!$B$2:$F$10,MATCH($B83,Resources!$A$2:$A$10,0),1),INDEX(Resources!$B$2:$F$10,MATCH($C83,Resources!$A$2:$A$10,0),1),INDEX(Resources!$B$2:$F$10,MATCH($D83,Resources!$A$2:$A$10,0),1)) -> 513.33333 | F83: Survey Clarity | G83: =(Weights!$C$11*IF(Weights!$D$11=0,$E83,INDEX(Resources!$B$2:$F$10,MATCH(CHOOSE(Weights!$D$11,$B83,$C83,$D83),Resources!$A$2:$A$10,0),MATCH(Weights!$E$11,Resources!$B$1:$F$1,0)))+Weights!$F$11*IF(Weights!$G$11=0,$E83,INDEX(Resources!$B$2:$F$10,MATCH(CHOOSE(Weights!$G$11,$B83,$C83,$D83),Resources!$A$2:$A$10,0),MATCH(Weights!$H$11,Resources!$B$1:$F$1,0)))+Weights!$I$11*IF(Weights!$J$11=0,$E83,INDEX(Resources!$B$2:$F$10,MATCH(CHOOSE(Weights!$J$11,$B83,$C83,$D83),Resources!$A$2:$A$10,0),MATCH(Weights!$K$11,Resources!$B$1:$F$1,0))))/10 -> 57.3 | H83: =IF(G83<40,"Poor",IF(G83<55,"Basic",IF(G83<70,"Solid",IF(G83<85,"Strong",IF(G83<95,"Excellent","Exceptional"))))) -> Solid | I83: Stat Hint Accuracy | J83: =(Weights!$C$12*IF(Weights!$D$12=0,$E83,INDEX(Resources!$B$2:$F$10,MATCH(CHOOSE(Weights!$D$12,$B83,$C83,$D83),Resources!$A$2:$A$10,0),MATCH(Weights!$E$12,Resources!$B$1:$F$1,0)))+Weights!$F$12*IF(Weights!$G$12=0,$E83,INDEX(Resources!$B$2:$F$10,MATCH(CHOOSE(Weights!$G$12,$B83,$C83,$D83),Resources!$A$2:$A$10,0),MATCH(Weights!$H$12,Resources!$B$1:$F$1,0)))+Weights!$I$12*IF(Weights!$J$12=0,$E83,INDEX(Resources!$B$2:$F$10,MATCH(CHOOSE(Weights!$J$12,$B83,$C83,$D83),Resources!$A$2:$A$10,0),MATCH(Weights!$K$12,Resources!$B$1:$F$1,0))))/10 -> 67.166667 | K83: =IF(J83<40,"Poor",IF(J83<55,"Basic",IF(J83<70,"Solid",IF(J83<85,"Strong",IF(J83<95,"Excellent","Exceptional"))))) -> Solid | L83: Signal Range | M83: =(Weights!$C$13*IF(Weights!$D$13=0,$E83,INDEX(Resources!$B$2:$F$10,MATCH(CHOOSE(Weights!$D$13,$B83,$C83,$D83),Resources!$A$2:$A$10,0),MATCH(Weights!$E$13,Resources!$B$1:$F$1,0)))+Weights!$F$13*IF(Weights!$G$13=0,$E83,INDEX(Resources!$B$2:$F$10,MATCH(CHOOSE(Weights!$G$13,$B83,$C83,$D83),Resources!$A$2:$A$10,0),MATCH(Weights!$H$13,Resources!$B$1:$F$1,0)))+Weights!$I$13*IF(Weights!$J$13=0,$E83,INDEX(Resources!$B$2:$F$10,MATCH(CHOOSE(Weights!$J$13,$B83,$C83,$D83),Resources!$A$2:$A$10,0),MATCH(Weights!$K$13,Resources!$B$1:$F$1,0))))/10 -> 65.816667 | N83: =IF(M83<40,"Poor",IF(M83<55,"Basic",IF(M83<70,"Solid",IF(M83<85,"Strong",IF(M83<95,"Excellent","Exceptional"))))) -> Solid | O83: =MIN(100,MAX(G83,J83,M83)*(1+0.05*3)) -> 77.241667 | P83: =IF(O83<40,"Poor",IF(O83<55,"Basic",IF(O83<70,"Solid",IF(O83<85,"Strong",IF(O83<95,"Excellent","Exceptional"))))) -> Strong
A84: Survey Scanner Module Mk I | B84: Red Mesa Conductive Slag | C84: Pale Ember Crystal | D84: Asterion Frame Alloy | E84: =AVERAGE(INDEX(Resources!$B$2:$F$10,MATCH($B84,Resources!$A$2:$A$10,0),1),INDEX(Resources!$B$2:$F$10,MATCH($C84,Resources!$A$2:$A$10,0),1),INDEX(Resources!$B$2:$F$10,MATCH($D84,Resources!$A$2:$A$10,0),1)) -> 570 | F84: Survey Clarity | G84: =(Weights!$C$11*IF(Weights!$D$11=0,$E84,INDEX(Resources!$B$2:$F$10,MATCH(CHOOSE(Weights!$D$11,$B84,$C84,$D84),Resources!$A$2:$A$10,0),MATCH(Weights!$E$11,Resources!$B$1:$F$1,0)))+Weights!$F$11*IF(Weights!$G$11=0,$E84,INDEX(Resources!$B$2:$F$10,MATCH(CHOOSE(Weights!$G$11,$B84,$C84,$D84),Resources!$A$2:$A$10,0),MATCH(Weights!$H$11,Resources!$B$1:$F$1,0)))+Weights!$I$11*IF(Weights!$J$11=0,$E84,INDEX(Resources!$B$2:$F$10,MATCH(CHOOSE(Weights!$J$11,$B84,$C84,$D84),Resources!$A$2:$A$10,0),MATCH(Weights!$K$11,Resources!$B$1:$F$1,0))))/10 -> 58.15 | H84: =IF(G84<40,"Poor",IF(G84<55,"Basic",IF(G84<70,"Solid",IF(G84<85,"Strong",IF(G84<95,"Excellent","Exceptional"))))) -> Solid | I84: Stat Hint Accuracy | J84: =(Weights!$C$12*IF(Weights!$D$12=0,$E84,INDEX(Resources!$B$2:$F$10,MATCH(CHOOSE(Weights!$D$12,$B84,$C84,$D84),Resources!$A$2:$A$10,0),MATCH(Weights!$E$12,Resources!$B$1:$F$1,0)))+Weights!$F$12*IF(Weights!$G$12=0,$E84,INDEX(Resources!$B$2:$F$10,MATCH(CHOOSE(Weights!$G$12,$B84,$C84,$D84),Resources!$A$2:$A$10,0),MATCH(Weights!$H$12,Resources!$B$1:$F$1,0)))+Weights!$I$12*IF(Weights!$J$12=0,$E84,INDEX(Resources!$B$2:$F$10,MATCH(CHOOSE(Weights!$J$12,$B84,$C84,$D84),Resources!$A$2:$A$10,0),MATCH(Weights!$K$12,Resources!$B$1:$F$1,0))))/10 -> 68.3 | K84: =IF(J84<40,"Poor",IF(J84<55,"Basic",IF(J84<70,"Solid",IF(J84<85,"Strong",IF(J84<95,"Excellent","Exceptional"))))) -> Solid | L84: Signal Range | M84: =(Weights!$C$13*IF(Weights!$D$13=0,$E84,INDEX(Resources!$B$2:$F$10,MATCH(CHOOSE(Weights!$D$13,$B84,$C84,$D84),Resources!$A$2:$A$10,0),MATCH(Weights!$E$13,Resources!$B$1:$F$1,0)))+Weights!$F$13*IF(Weights!$G$13=0,$E84,INDEX(Resources!$B$2:$F$10,MATCH(CHOOSE(Weights!$G$13,$B84,$C84,$D84),Resources!$A$2:$A$10,0),MATCH(Weights!$H$13,Resources!$B$1:$F$1,0)))+Weights!$I$13*IF(Weights!$J$13=0,$E84,INDEX(Resources!$B$2:$F$10,MATCH(CHOOSE(Weights!$J$13,$B84,$C84,$D84),Resources!$A$2:$A$10,0),MATCH(Weights!$K$13,Resources!$B$1:$F$1,0))))/10 -> 66.95 | N84: =IF(M84<40,"Poor",IF(M84<55,"Basic",IF(M84<70,"Solid",IF(M84<85,"Strong",IF(M84<95,"Excellent","Exceptional"))))) -> Solid | O84: =MIN(100,MAX(G84,J84,M84)*(1+0.05*3)) -> 78.545 | P84: =IF(O84<40,"Poor",IF(O84<55,"Basic",IF(O84<70,"Solid",IF(O84<85,"Strong",IF(O84<95,"Excellent","Exceptional"))))) -> Strong
A85: Survey Scanner Module Mk I | B85: Red Mesa Conductive Slag | C85: Pale Ember Crystal | D85: Bendrel Ridge Alloy | E85: =AVERAGE(INDEX(Resources!$B$2:$F$10,MATCH($B85,Resources!$A$2:$A$10,0),1),INDEX(Resources!$B$2:$F$10,MATCH($C85,Resources!$A$2:$A$10,0),1),INDEX(Resources!$B$2:$F$10,MATCH($D85,Resources!$A$2:$A$10,0),1)) -> 543.33333 | F85: Survey Clarity | G85: =(Weights!$C$11*IF(Weights!$D$11=0,$E85,INDEX(Resources!$B$2:$F$10,MATCH(CHOOSE(Weights!$D$11,$B85,$C85,$D85),Resources!$A$2:$A$10,0),MATCH(Weights!$E$11,Resources!$B$1:$F$1,0)))+Weights!$F$11*IF(Weights!$G$11=0,$E85,INDEX(Resources!$B$2:$F$10,MATCH(CHOOSE(Weights!$G$11,$B85,$C85,$D85),Resources!$A$2:$A$10,0),MATCH(Weights!$H$11,Resources!$B$1:$F$1,0)))+Weights!$I$11*IF(Weights!$J$11=0,$E85,INDEX(Resources!$B$2:$F$10,MATCH(CHOOSE(Weights!$J$11,$B85,$C85,$D85),Resources!$A$2:$A$10,0),MATCH(Weights!$K$11,Resources!$B$1:$F$1,0))))/10 -> 57.75 | H85: =IF(G85<40,"Poor",IF(G85<55,"Basic",IF(G85<70,"Solid",IF(G85<85,"Strong",IF(G85<95,"Excellent","Exceptional"))))) -> Solid | I85: Stat Hint Accuracy | J85: =(Weights!$C$12*IF(Weights!$D$12=0,$E85,INDEX(Resources!$B$2:$F$10,MATCH(CHOOSE(Weights!$D$12,$B85,$C85,$D85),Resources!$A$2:$A$10,0),MATCH(Weights!$E$12,Resources!$B$1:$F$1,0)))+Weights!$F$12*IF(Weights!$G$12=0,$E85,INDEX(Resources!$B$2:$F$10,MATCH(CHOOSE(Weights!$G$12,$B85,$C85,$D85),Resources!$A$2:$A$10,0),MATCH(Weights!$H$12,Resources!$B$1:$F$1,0)))+Weights!$I$12*IF(Weights!$J$12=0,$E85,INDEX(Resources!$B$2:$F$10,MATCH(CHOOSE(Weights!$J$12,$B85,$C85,$D85),Resources!$A$2:$A$10,0),MATCH(Weights!$K$12,Resources!$B$1:$F$1,0))))/10 -> 67.766667 | K85: =IF(J85<40,"Poor",IF(J85<55,"Basic",IF(J85<70,"Solid",IF(J85<85,"Strong",IF(J85<95,"Excellent","Exceptional"))))) -> Solid | L85: Signal Range | M85: =(Weights!$C$13*IF(Weights!$D$13=0,$E85,INDEX(Resources!$B$2:$F$10,MATCH(CHOOSE(Weights!$D$13,$B85,$C85,$D85),Resources!$A$2:$A$10,0),MATCH(Weights!$E$13,Resources!$B$1:$F$1,0)))+Weights!$F$13*IF(Weights!$G$13=0,$E85,INDEX(Resources!$B$2:$F$10,MATCH(CHOOSE(Weights!$G$13,$B85,$C85,$D85),Resources!$A$2:$A$10,0),MATCH(Weights!$H$13,Resources!$B$1:$F$1,0)))+Weights!$I$13*IF(Weights!$J$13=0,$E85,INDEX(Resources!$B$2:$F$10,MATCH(CHOOSE(Weights!$J$13,$B85,$C85,$D85),Resources!$A$2:$A$10,0),MATCH(Weights!$K$13,Resources!$B$1:$F$1,0))))/10 -> 66.416667 | N85: =IF(M85<40,"Poor",IF(M85<55,"Basic",IF(M85<70,"Solid",IF(M85<85,"Strong",IF(M85<95,"Excellent","Exceptional"))))) -> Solid | O85: =MIN(100,MAX(G85,J85,M85)*(1+0.05*3)) -> 77.931667 | P85: =IF(O85<40,"Poor",IF(O85<55,"Basic",IF(O85<70,"Solid",IF(O85<85,"Strong",IF(O85<95,"Excellent","Exceptional"))))) -> Strong
A86: Survey Scanner Module Mk I | B86: Red Mesa Conductive Slag | C86: Thornwake Crystal | D86: Keth Iron | E86: =AVERAGE(INDEX(Resources!$B$2:$F$10,MATCH($B86,Resources!$A$2:$A$10,0),1),INDEX(Resources!$B$2:$F$10,MATCH($C86,Resources!$A$2:$A$10,0),1),INDEX(Resources!$B$2:$F$10,MATCH($D86,Resources!$A$2:$A$10,0),1)) -> 483.33333 | F86: Survey Clarity | G86: =(Weights!$C$11*IF(Weights!$D$11=0,$E86,INDEX(Resources!$B$2:$F$10,MATCH(CHOOSE(Weights!$D$11,$B86,$C86,$D86),Resources!$A$2:$A$10,0),MATCH(Weights!$E$11,Resources!$B$1:$F$1,0)))+Weights!$F$11*IF(Weights!$G$11=0,$E86,INDEX(Resources!$B$2:$F$10,MATCH(CHOOSE(Weights!$G$11,$B86,$C86,$D86),Resources!$A$2:$A$10,0),MATCH(Weights!$H$11,Resources!$B$1:$F$1,0)))+Weights!$I$11*IF(Weights!$J$11=0,$E86,INDEX(Resources!$B$2:$F$10,MATCH(CHOOSE(Weights!$J$11,$B86,$C86,$D86),Resources!$A$2:$A$10,0),MATCH(Weights!$K$11,Resources!$B$1:$F$1,0))))/10 -> 66.6 | H86: =IF(G86<40,"Poor",IF(G86<55,"Basic",IF(G86<70,"Solid",IF(G86<85,"Strong",IF(G86<95,"Excellent","Exceptional"))))) -> Solid | I86: Stat Hint Accuracy | J86: =(Weights!$C$12*IF(Weights!$D$12=0,$E86,INDEX(Resources!$B$2:$F$10,MATCH(CHOOSE(Weights!$D$12,$B86,$C86,$D86),Resources!$A$2:$A$10,0),MATCH(Weights!$E$12,Resources!$B$1:$F$1,0)))+Weights!$F$12*IF(Weights!$G$12=0,$E86,INDEX(Resources!$B$2:$F$10,MATCH(CHOOSE(Weights!$G$12,$B86,$C86,$D86),Resources!$A$2:$A$10,0),MATCH(Weights!$H$12,Resources!$B$1:$F$1,0)))+Weights!$I$12*IF(Weights!$J$12=0,$E86,INDEX(Resources!$B$2:$F$10,MATCH(CHOOSE(Weights!$J$12,$B86,$C86,$D86),Resources!$A$2:$A$10,0),MATCH(Weights!$K$12,Resources!$B$1:$F$1,0))))/10 -> 46.466667 | K86: =IF(J86<40,"Poor",IF(J86<55,"Basic",IF(J86<70,"Solid",IF(J86<85,"Strong",IF(J86<95,"Excellent","Exceptional"))))) -> Basic | L86: Signal Range | M86: =(Weights!$C$13*IF(Weights!$D$13=0,$E86,INDEX(Resources!$B$2:$F$10,MATCH(CHOOSE(Weights!$D$13,$B86,$C86,$D86),Resources!$A$2:$A$10,0),MATCH(Weights!$E$13,Resources!$B$1:$F$1,0)))+Weights!$F$13*IF(Weights!$G$13=0,$E86,INDEX(Resources!$B$2:$F$10,MATCH(CHOOSE(Weights!$G$13,$B86,$C86,$D86),Resources!$A$2:$A$10,0),MATCH(Weights!$H$13,Resources!$B$1:$F$1,0)))+Weights!$I$13*IF(Weights!$J$13=0,$E86,INDEX(Resources!$B$2:$F$10,MATCH(CHOOSE(Weights!$J$13,$B86,$C86,$D86),Resources!$A$2:$A$10,0),MATCH(Weights!$K$13,Resources!$B$1:$F$1,0))))/10 -> 48.466667 | N86: =IF(M86<40,"Poor",IF(M86<55,"Basic",IF(M86<70,"Solid",IF(M86<85,"Strong",IF(M86<95,"Excellent","Exceptional"))))) -> Basic | O86: =MIN(100,MAX(G86,J86,M86)*(1+0.05*3)) -> 76.59 | P86: =IF(O86<40,"Poor",IF(O86<55,"Basic",IF(O86<70,"Solid",IF(O86<85,"Strong",IF(O86<95,"Excellent","Exceptional"))))) -> Strong
A87: Survey Scanner Module Mk I | B87: Red Mesa Conductive Slag | C87: Thornwake Crystal | D87: Asterion Frame Alloy | E87: =AVERAGE(INDEX(Resources!$B$2:$F$10,MATCH($B87,Resources!$A$2:$A$10,0),1),INDEX(Resources!$B$2:$F$10,MATCH($C87,Resources!$A$2:$A$10,0),1),INDEX(Resources!$B$2:$F$10,MATCH($D87,Resources!$A$2:$A$10,0),1)) -> 540 | F87: Survey Clarity | G87: =(Weights!$C$11*IF(Weights!$D$11=0,$E87,INDEX(Resources!$B$2:$F$10,MATCH(CHOOSE(Weights!$D$11,$B87,$C87,$D87),Resources!$A$2:$A$10,0),MATCH(Weights!$E$11,Resources!$B$1:$F$1,0)))+Weights!$F$11*IF(Weights!$G$11=0,$E87,INDEX(Resources!$B$2:$F$10,MATCH(CHOOSE(Weights!$G$11,$B87,$C87,$D87),Resources!$A$2:$A$10,0),MATCH(Weights!$H$11,Resources!$B$1:$F$1,0)))+Weights!$I$11*IF(Weights!$J$11=0,$E87,INDEX(Resources!$B$2:$F$10,MATCH(CHOOSE(Weights!$J$11,$B87,$C87,$D87),Resources!$A$2:$A$10,0),MATCH(Weights!$K$11,Resources!$B$1:$F$1,0))))/10 -> 67.45 | H87: =IF(G87<40,"Poor",IF(G87<55,"Basic",IF(G87<70,"Solid",IF(G87<85,"Strong",IF(G87<95,"Excellent","Exceptional"))))) -> Solid | I87: Stat Hint Accuracy | J87: =(Weights!$C$12*IF(Weights!$D$12=0,$E87,INDEX(Resources!$B$2:$F$10,MATCH(CHOOSE(Weights!$D$12,$B87,$C87,$D87),Resources!$A$2:$A$10,0),MATCH(Weights!$E$12,Resources!$B$1:$F$1,0)))+Weights!$F$12*IF(Weights!$G$12=0,$E87,INDEX(Resources!$B$2:$F$10,MATCH(CHOOSE(Weights!$G$12,$B87,$C87,$D87),Resources!$A$2:$A$10,0),MATCH(Weights!$H$12,Resources!$B$1:$F$1,0)))+Weights!$I$12*IF(Weights!$J$12=0,$E87,INDEX(Resources!$B$2:$F$10,MATCH(CHOOSE(Weights!$J$12,$B87,$C87,$D87),Resources!$A$2:$A$10,0),MATCH(Weights!$K$12,Resources!$B$1:$F$1,0))))/10 -> 47.6 | K87: =IF(J87<40,"Poor",IF(J87<55,"Basic",IF(J87<70,"Solid",IF(J87<85,"Strong",IF(J87<95,"Excellent","Exceptional"))))) -> Basic | L87: Signal Range | M87: =(Weights!$C$13*IF(Weights!$D$13=0,$E87,INDEX(Resources!$B$2:$F$10,MATCH(CHOOSE(Weights!$D$13,$B87,$C87,$D87),Resources!$A$2:$A$10,0),MATCH(Weights!$E$13,Resources!$B$1:$F$1,0)))+Weights!$F$13*IF(Weights!$G$13=0,$E87,INDEX(Resources!$B$2:$F$10,MATCH(CHOOSE(Weights!$G$13,$B87,$C87,$D87),Resources!$A$2:$A$10,0),MATCH(Weights!$H$13,Resources!$B$1:$F$1,0)))+Weights!$I$13*IF(Weights!$J$13=0,$E87,INDEX(Resources!$B$2:$F$10,MATCH(CHOOSE(Weights!$J$13,$B87,$C87,$D87),Resources!$A$2:$A$10,0),MATCH(Weights!$K$13,Resources!$B$1:$F$1,0))))/10 -> 49.6 | N87: =IF(M87<40,"Poor",IF(M87<55,"Basic",IF(M87<70,"Solid",IF(M87<85,"Strong",IF(M87<95,"Excellent","Exceptional"))))) -> Basic | O87: =MIN(100,MAX(G87,J87,M87)*(1+0.05*3)) -> 77.5675 | P87: =IF(O87<40,"Poor",IF(O87<55,"Basic",IF(O87<70,"Solid",IF(O87<85,"Strong",IF(O87<95,"Excellent","Exceptional"))))) -> Strong
A88: Survey Scanner Module Mk I | B88: Red Mesa Conductive Slag | C88: Thornwake Crystal | D88: Bendrel Ridge Alloy | E88: =AVERAGE(INDEX(Resources!$B$2:$F$10,MATCH($B88,Resources!$A$2:$A$10,0),1),INDEX(Resources!$B$2:$F$10,MATCH($C88,Resources!$A$2:$A$10,0),1),INDEX(Resources!$B$2:$F$10,MATCH($D88,Resources!$A$2:$A$10,0),1)) -> 513.33333 | F88: Survey Clarity | G88: =(Weights!$C$11*IF(Weights!$D$11=0,$E88,INDEX(Resources!$B$2:$F$10,MATCH(CHOOSE(Weights!$D$11,$B88,$C88,$D88),Resources!$A$2:$A$10,0),MATCH(Weights!$E$11,Resources!$B$1:$F$1,0)))+Weights!$F$11*IF(Weights!$G$11=0,$E88,INDEX(Resources!$B$2:$F$10,MATCH(CHOOSE(Weights!$G$11,$B88,$C88,$D88),Resources!$A$2:$A$10,0),MATCH(Weights!$H$11,Resources!$B$1:$F$1,0)))+Weights!$I$11*IF(Weights!$J$11=0,$E88,INDEX(Resources!$B$2:$F$10,MATCH(CHOOSE(Weights!$J$11,$B88,$C88,$D88),Resources!$A$2:$A$10,0),MATCH(Weights!$K$11,Resources!$B$1:$F$1,0))))/10 -> 67.05 | H88: =IF(G88<40,"Poor",IF(G88<55,"Basic",IF(G88<70,"Solid",IF(G88<85,"Strong",IF(G88<95,"Excellent","Exceptional"))))) -> Solid | I88: Stat Hint Accuracy | J88: =(Weights!$C$12*IF(Weights!$D$12=0,$E88,INDEX(Resources!$B$2:$F$10,MATCH(CHOOSE(Weights!$D$12,$B88,$C88,$D88),Resources!$A$2:$A$10,0),MATCH(Weights!$E$12,Resources!$B$1:$F$1,0)))+Weights!$F$12*IF(Weights!$G$12=0,$E88,INDEX(Resources!$B$2:$F$10,MATCH(CHOOSE(Weights!$G$12,$B88,$C88,$D88),Resources!$A$2:$A$10,0),MATCH(Weights!$H$12,Resources!$B$1:$F$1,0)))+Weights!$I$12*IF(Weights!$J$12=0,$E88,INDEX(Resources!$B$2:$F$10,MATCH(CHOOSE(Weights!$J$12,$B88,$C88,$D88),Resources!$A$2:$A$10,0),MATCH(Weights!$K$12,Resources!$B$1:$F$1,0))))/10 -> 47.066667 | K88: =IF(J88<40,"Poor",IF(J88<55,"Basic",IF(J88<70,"Solid",IF(J88<85,"Strong",IF(J88<95,"Excellent","Exceptional"))))) -> Basic | L88: Signal Range | M88: =(Weights!$C$13*IF(Weights!$D$13=0,$E88,INDEX(Resources!$B$2:$F$10,MATCH(CHOOSE(Weights!$D$13,$B88,$C88,$D88),Resources!$A$2:$A$10,0),MATCH(Weights!$E$13,Resources!$B$1:$F$1,0)))+Weights!$F$13*IF(Weights!$G$13=0,$E88,INDEX(Resources!$B$2:$F$10,MATCH(CHOOSE(Weights!$G$13,$B88,$C88,$D88),Resources!$A$2:$A$10,0),MATCH(Weights!$H$13,Resources!$B$1:$F$1,0)))+Weights!$I$13*IF(Weights!$J$13=0,$E88,INDEX(Resources!$B$2:$F$10,MATCH(CHOOSE(Weights!$J$13,$B88,$C88,$D88),Resources!$A$2:$A$10,0),MATCH(Weights!$K$13,Resources!$B$1:$F$1,0))))/10 -> 49.066667 | N88: =IF(M88<40,"Poor",IF(M88<55,"Basic",IF(M88<70,"Solid",IF(M88<85,"Strong",IF(M88<95,"Excellent","Exceptional"))))) -> Basic | O88: =MIN(100,MAX(G88,J88,M88)*(1+0.05*3)) -> 77.1075 | P88: =IF(O88<40,"Poor",IF(O88<55,"Basic",IF(O88<70,"Solid",IF(O88<85,"Strong",IF(O88<95,"Excellent","Exceptional"))))) -> Strong
A89: Survey Scanner Module Mk I | B89: Red Mesa Conductive Slag | C89: Glimmerfall Shard | D89: Keth Iron | E89: =AVERAGE(INDEX(Resources!$B$2:$F$10,MATCH($B89,Resources!$A$2:$A$10,0),1),INDEX(Resources!$B$2:$F$10,MATCH($C89,Resources!$A$2:$A$10,0),1),INDEX(Resources!$B$2:$F$10,MATCH($D89,Resources!$A$2:$A$10,0),1)) -> 553.33333 | F89: Survey Clarity | G89: =(Weights!$C$11*IF(Weights!$D$11=0,$E89,INDEX(Resources!$B$2:$F$10,MATCH(CHOOSE(Weights!$D$11,$B89,$C89,$D89),Resources!$A$2:$A$10,0),MATCH(Weights!$E$11,Resources!$B$1:$F$1,0)))+Weights!$F$11*IF(Weights!$G$11=0,$E89,INDEX(Resources!$B$2:$F$10,MATCH(CHOOSE(Weights!$G$11,$B89,$C89,$D89),Resources!$A$2:$A$10,0),MATCH(Weights!$H$11,Resources!$B$1:$F$1,0)))+Weights!$I$11*IF(Weights!$J$11=0,$E89,INDEX(Resources!$B$2:$F$10,MATCH(CHOOSE(Weights!$J$11,$B89,$C89,$D89),Resources!$A$2:$A$10,0),MATCH(Weights!$K$11,Resources!$B$1:$F$1,0))))/10 -> 61.9 | H89: =IF(G89<40,"Poor",IF(G89<55,"Basic",IF(G89<70,"Solid",IF(G89<85,"Strong",IF(G89<95,"Excellent","Exceptional"))))) -> Solid | I89: Stat Hint Accuracy | J89: =(Weights!$C$12*IF(Weights!$D$12=0,$E89,INDEX(Resources!$B$2:$F$10,MATCH(CHOOSE(Weights!$D$12,$B89,$C89,$D89),Resources!$A$2:$A$10,0),MATCH(Weights!$E$12,Resources!$B$1:$F$1,0)))+Weights!$F$12*IF(Weights!$G$12=0,$E89,INDEX(Resources!$B$2:$F$10,MATCH(CHOOSE(Weights!$G$12,$B89,$C89,$D89),Resources!$A$2:$A$10,0),MATCH(Weights!$H$12,Resources!$B$1:$F$1,0)))+Weights!$I$12*IF(Weights!$J$12=0,$E89,INDEX(Resources!$B$2:$F$10,MATCH(CHOOSE(Weights!$J$12,$B89,$C89,$D89),Resources!$A$2:$A$10,0),MATCH(Weights!$K$12,Resources!$B$1:$F$1,0))))/10 -> 60.766667 | K89: =IF(J89<40,"Poor",IF(J89<55,"Basic",IF(J89<70,"Solid",IF(J89<85,"Strong",IF(J89<95,"Excellent","Exceptional"))))) -> Solid | L89: Signal Range | M89: =(Weights!$C$13*IF(Weights!$D$13=0,$E89,INDEX(Resources!$B$2:$F$10,MATCH(CHOOSE(Weights!$D$13,$B89,$C89,$D89),Resources!$A$2:$A$10,0),MATCH(Weights!$E$13,Resources!$B$1:$F$1,0)))+Weights!$F$13*IF(Weights!$G$13=0,$E89,INDEX(Resources!$B$2:$F$10,MATCH(CHOOSE(Weights!$G$13,$B89,$C89,$D89),Resources!$A$2:$A$10,0),MATCH(Weights!$H$13,Resources!$B$1:$F$1,0)))+Weights!$I$13*IF(Weights!$J$13=0,$E89,INDEX(Resources!$B$2:$F$10,MATCH(CHOOSE(Weights!$J$13,$B89,$C89,$D89),Resources!$A$2:$A$10,0),MATCH(Weights!$K$13,Resources!$B$1:$F$1,0))))/10 -> 60.616667 | N89: =IF(M89<40,"Poor",IF(M89<55,"Basic",IF(M89<70,"Solid",IF(M89<85,"Strong",IF(M89<95,"Excellent","Exceptional"))))) -> Solid | O89: =MIN(100,MAX(G89,J89,M89)*(1+0.05*3)) -> 71.185 | P89: =IF(O89<40,"Poor",IF(O89<55,"Basic",IF(O89<70,"Solid",IF(O89<85,"Strong",IF(O89<95,"Excellent","Exceptional"))))) -> Strong
A90: Survey Scanner Module Mk I | B90: Red Mesa Conductive Slag | C90: Glimmerfall Shard | D90: Asterion Frame Alloy | E90: =AVERAGE(INDEX(Resources!$B$2:$F$10,MATCH($B90,Resources!$A$2:$A$10,0),1),INDEX(Resources!$B$2:$F$10,MATCH($C90,Resources!$A$2:$A$10,0),1),INDEX(Resources!$B$2:$F$10,MATCH($D90,Resources!$A$2:$A$10,0),1)) -> 610 | F90: Survey Clarity | G90: =(Weights!$C$11*IF(Weights!$D$11=0,$E90,INDEX(Resources!$B$2:$F$10,MATCH(CHOOSE(Weights!$D$11,$B90,$C90,$D90),Resources!$A$2:$A$10,0),MATCH(Weights!$E$11,Resources!$B$1:$F$1,0)))+Weights!$F$11*IF(Weights!$G$11=0,$E90,INDEX(Resources!$B$2:$F$10,MATCH(CHOOSE(Weights!$G$11,$B90,$C90,$D90),Resources!$A$2:$A$10,0),MATCH(Weights!$H$11,Resources!$B$1:$F$1,0)))+Weights!$I$11*IF(Weights!$J$11=0,$E90,INDEX(Resources!$B$2:$F$10,MATCH(CHOOSE(Weights!$J$11,$B90,$C90,$D90),Resources!$A$2:$A$10,0),MATCH(Weights!$K$11,Resources!$B$1:$F$1,0))))/10 -> 62.75 | H90: =IF(G90<40,"Poor",IF(G90<55,"Basic",IF(G90<70,"Solid",IF(G90<85,"Strong",IF(G90<95,"Excellent","Exceptional"))))) -> Solid | I90: Stat Hint Accuracy | J90: =(Weights!$C$12*IF(Weights!$D$12=0,$E90,INDEX(Resources!$B$2:$F$10,MATCH(CHOOSE(Weights!$D$12,$B90,$C90,$D90),Resources!$A$2:$A$10,0),MATCH(Weights!$E$12,Resources!$B$1:$F$1,0)))+Weights!$F$12*IF(Weights!$G$12=0,$E90,INDEX(Resources!$B$2:$F$10,MATCH(CHOOSE(Weights!$G$12,$B90,$C90,$D90),Resources!$A$2:$A$10,0),MATCH(Weights!$H$12,Resources!$B$1:$F$1,0)))+Weights!$I$12*IF(Weights!$J$12=0,$E90,INDEX(Resources!$B$2:$F$10,MATCH(CHOOSE(Weights!$J$12,$B90,$C90,$D90),Resources!$A$2:$A$10,0),MATCH(Weights!$K$12,Resources!$B$1:$F$1,0))))/10 -> 61.9 | K90: =IF(J90<40,"Poor",IF(J90<55,"Basic",IF(J90<70,"Solid",IF(J90<85,"Strong",IF(J90<95,"Excellent","Exceptional"))))) -> Solid | L90: Signal Range | M90: =(Weights!$C$13*IF(Weights!$D$13=0,$E90,INDEX(Resources!$B$2:$F$10,MATCH(CHOOSE(Weights!$D$13,$B90,$C90,$D90),Resources!$A$2:$A$10,0),MATCH(Weights!$E$13,Resources!$B$1:$F$1,0)))+Weights!$F$13*IF(Weights!$G$13=0,$E90,INDEX(Resources!$B$2:$F$10,MATCH(CHOOSE(Weights!$G$13,$B90,$C90,$D90),Resources!$A$2:$A$10,0),MATCH(Weights!$H$13,Resources!$B$1:$F$1,0)))+Weights!$I$13*IF(Weights!$J$13=0,$E90,INDEX(Resources!$B$2:$F$10,MATCH(CHOOSE(Weights!$J$13,$B90,$C90,$D90),Resources!$A$2:$A$10,0),MATCH(Weights!$K$13,Resources!$B$1:$F$1,0))))/10 -> 61.75 | N90: =IF(M90<40,"Poor",IF(M90<55,"Basic",IF(M90<70,"Solid",IF(M90<85,"Strong",IF(M90<95,"Excellent","Exceptional"))))) -> Solid | O90: =MIN(100,MAX(G90,J90,M90)*(1+0.05*3)) -> 72.1625 | P90: =IF(O90<40,"Poor",IF(O90<55,"Basic",IF(O90<70,"Solid",IF(O90<85,"Strong",IF(O90<95,"Excellent","Exceptional"))))) -> Strong
A91: Survey Scanner Module Mk I | B91: Red Mesa Conductive Slag | C91: Glimmerfall Shard | D91: Bendrel Ridge Alloy | E91: =AVERAGE(INDEX(Resources!$B$2:$F$10,MATCH($B91,Resources!$A$2:$A$10,0),1),INDEX(Resources!$B$2:$F$10,MATCH($C91,Resources!$A$2:$A$10,0),1),INDEX(Resources!$B$2:$F$10,MATCH($D91,Resources!$A$2:$A$10,0),1)) -> 583.33333 | F91: Survey Clarity | G91: =(Weights!$C$11*IF(Weights!$D$11=0,$E91,INDEX(Resources!$B$2:$F$10,MATCH(CHOOSE(Weights!$D$11,$B91,$C91,$D91),Resources!$A$2:$A$10,0),MATCH(Weights!$E$11,Resources!$B$1:$F$1,0)))+Weights!$F$11*IF(Weights!$G$11=0,$E91,INDEX(Resources!$B$2:$F$10,MATCH(CHOOSE(Weights!$G$11,$B91,$C91,$D91),Resources!$A$2:$A$10,0),MATCH(Weights!$H$11,Resources!$B$1:$F$1,0)))+Weights!$I$11*IF(Weights!$J$11=0,$E91,INDEX(Resources!$B$2:$F$10,MATCH(CHOOSE(Weights!$J$11,$B91,$C91,$D91),Resources!$A$2:$A$10,0),MATCH(Weights!$K$11,Resources!$B$1:$F$1,0))))/10 -> 62.35 | H91: =IF(G91<40,"Poor",IF(G91<55,"Basic",IF(G91<70,"Solid",IF(G91<85,"Strong",IF(G91<95,"Excellent","Exceptional"))))) -> Solid | I91: Stat Hint Accuracy | J91: =(Weights!$C$12*IF(Weights!$D$12=0,$E91,INDEX(Resources!$B$2:$F$10,MATCH(CHOOSE(Weights!$D$12,$B91,$C91,$D91),Resources!$A$2:$A$10,0),MATCH(Weights!$E$12,Resources!$B$1:$F$1,0)))+Weights!$F$12*IF(Weights!$G$12=0,$E91,INDEX(Resources!$B$2:$F$10,MATCH(CHOOSE(Weights!$G$12,$B91,$C91,$D91),Resources!$A$2:$A$10,0),MATCH(Weights!$H$12,Resources!$B$1:$F$1,0)))+Weights!$I$12*IF(Weights!$J$12=0,$E91,INDEX(Resources!$B$2:$F$10,MATCH(CHOOSE(Weights!$J$12,$B91,$C91,$D91),Resources!$A$2:$A$10,0),MATCH(Weights!$K$12,Resources!$B$1:$F$1,0))))/10 -> 61.366667 | K91: =IF(J91<40,"Poor",IF(J91<55,"Basic",IF(J91<70,"Solid",IF(J91<85,"Strong",IF(J91<95,"Excellent","Exceptional"))))) -> Solid | L91: Signal Range | M91: =(Weights!$C$13*IF(Weights!$D$13=0,$E91,INDEX(Resources!$B$2:$F$10,MATCH(CHOOSE(Weights!$D$13,$B91,$C91,$D91),Resources!$A$2:$A$10,0),MATCH(Weights!$E$13,Resources!$B$1:$F$1,0)))+Weights!$F$13*IF(Weights!$G$13=0,$E91,INDEX(Resources!$B$2:$F$10,MATCH(CHOOSE(Weights!$G$13,$B91,$C91,$D91),Resources!$A$2:$A$10,0),MATCH(Weights!$H$13,Resources!$B$1:$F$1,0)))+Weights!$I$13*IF(Weights!$J$13=0,$E91,INDEX(Resources!$B$2:$F$10,MATCH(CHOOSE(Weights!$J$13,$B91,$C91,$D91),Resources!$A$2:$A$10,0),MATCH(Weights!$K$13,Resources!$B$1:$F$1,0))))/10 -> 61.216667 | N91: =IF(M91<40,"Poor",IF(M91<55,"Basic",IF(M91<70,"Solid",IF(M91<85,"Strong",IF(M91<95,"Excellent","Exceptional"))))) -> Solid | O91: =MIN(100,MAX(G91,J91,M91)*(1+0.05*3)) -> 71.7025 | P91: =IF(O91<40,"Poor",IF(O91<55,"Basic",IF(O91<70,"Solid",IF(O91<85,"Strong",IF(O91<95,"Excellent","Exceptional"))))) -> Strong
A92: Survey Scanner Module Mk I | B92: Veyrith Copper | C92: Pale Ember Crystal | D92: Keth Iron | E92: =AVERAGE(INDEX(Resources!$B$2:$F$10,MATCH($B92,Resources!$A$2:$A$10,0),1),INDEX(Resources!$B$2:$F$10,MATCH($C92,Resources!$A$2:$A$10,0),1),INDEX(Resources!$B$2:$F$10,MATCH($D92,Resources!$A$2:$A$10,0),1)) -> 673.33333 | F92: Survey Clarity | G92: =(Weights!$C$11*IF(Weights!$D$11=0,$E92,INDEX(Resources!$B$2:$F$10,MATCH(CHOOSE(Weights!$D$11,$B92,$C92,$D92),Resources!$A$2:$A$10,0),MATCH(Weights!$E$11,Resources!$B$1:$F$1,0)))+Weights!$F$11*IF(Weights!$G$11=0,$E92,INDEX(Resources!$B$2:$F$10,MATCH(CHOOSE(Weights!$G$11,$B92,$C92,$D92),Resources!$A$2:$A$10,0),MATCH(Weights!$H$11,Resources!$B$1:$F$1,0)))+Weights!$I$11*IF(Weights!$J$11=0,$E92,INDEX(Resources!$B$2:$F$10,MATCH(CHOOSE(Weights!$J$11,$B92,$C92,$D92),Resources!$A$2:$A$10,0),MATCH(Weights!$K$11,Resources!$B$1:$F$1,0))))/10 -> 78.9 | H92: =IF(G92<40,"Poor",IF(G92<55,"Basic",IF(G92<70,"Solid",IF(G92<85,"Strong",IF(G92<95,"Excellent","Exceptional"))))) -> Strong | I92: Stat Hint Accuracy | J92: =(Weights!$C$12*IF(Weights!$D$12=0,$E92,INDEX(Resources!$B$2:$F$10,MATCH(CHOOSE(Weights!$D$12,$B92,$C92,$D92),Resources!$A$2:$A$10,0),MATCH(Weights!$E$12,Resources!$B$1:$F$1,0)))+Weights!$F$12*IF(Weights!$G$12=0,$E92,INDEX(Resources!$B$2:$F$10,MATCH(CHOOSE(Weights!$G$12,$B92,$C92,$D92),Resources!$A$2:$A$10,0),MATCH(Weights!$H$12,Resources!$B$1:$F$1,0)))+Weights!$I$12*IF(Weights!$J$12=0,$E92,INDEX(Resources!$B$2:$F$10,MATCH(CHOOSE(Weights!$J$12,$B92,$C92,$D92),Resources!$A$2:$A$10,0),MATCH(Weights!$K$12,Resources!$B$1:$F$1,0))))/10 -> 86.366667 | K92: =IF(J92<40,"Poor",IF(J92<55,"Basic",IF(J92<70,"Solid",IF(J92<85,"Strong",IF(J92<95,"Excellent","Exceptional"))))) -> Excellent | L92: Signal Range | M92: =(Weights!$C$13*IF(Weights!$D$13=0,$E92,INDEX(Resources!$B$2:$F$10,MATCH(CHOOSE(Weights!$D$13,$B92,$C92,$D92),Resources!$A$2:$A$10,0),MATCH(Weights!$E$13,Resources!$B$1:$F$1,0)))+Weights!$F$13*IF(Weights!$G$13=0,$E92,INDEX(Resources!$B$2:$F$10,MATCH(CHOOSE(Weights!$G$13,$B92,$C92,$D92),Resources!$A$2:$A$10,0),MATCH(Weights!$H$13,Resources!$B$1:$F$1,0)))+Weights!$I$13*IF(Weights!$J$13=0,$E92,INDEX(Resources!$B$2:$F$10,MATCH(CHOOSE(Weights!$J$13,$B92,$C92,$D92),Resources!$A$2:$A$10,0),MATCH(Weights!$K$13,Resources!$B$1:$F$1,0))))/10 -> 86.616667 | N92: =IF(M92<40,"Poor",IF(M92<55,"Basic",IF(M92<70,"Solid",IF(M92<85,"Strong",IF(M92<95,"Excellent","Exceptional"))))) -> Excellent | O92: =MIN(100,MAX(G92,J92,M92)*(1+0.05*3)) -> 99.609167 | P92: =IF(O92<40,"Poor",IF(O92<55,"Basic",IF(O92<70,"Solid",IF(O92<85,"Strong",IF(O92<95,"Excellent","Exceptional"))))) -> Exceptional
A93: Survey Scanner Module Mk I | B93: Veyrith Copper | C93: Pale Ember Crystal | D93: Asterion Frame Alloy | E93: =AVERAGE(INDEX(Resources!$B$2:$F$10,MATCH($B93,Resources!$A$2:$A$10,0),1),INDEX(Resources!$B$2:$F$10,MATCH($C93,Resources!$A$2:$A$10,0),1),INDEX(Resources!$B$2:$F$10,MATCH($D93,Resources!$A$2:$A$10,0),1)) -> 730 | F93: Survey Clarity | G93: =(Weights!$C$11*IF(Weights!$D$11=0,$E93,INDEX(Resources!$B$2:$F$10,MATCH(CHOOSE(Weights!$D$11,$B93,$C93,$D93),Resources!$A$2:$A$10,0),MATCH(Weights!$E$11,Resources!$B$1:$F$1,0)))+Weights!$F$11*IF(Weights!$G$11=0,$E93,INDEX(Resources!$B$2:$F$10,MATCH(CHOOSE(Weights!$G$11,$B93,$C93,$D93),Resources!$A$2:$A$10,0),MATCH(Weights!$H$11,Resources!$B$1:$F$1,0)))+Weights!$I$11*IF(Weights!$J$11=0,$E93,INDEX(Resources!$B$2:$F$10,MATCH(CHOOSE(Weights!$J$11,$B93,$C93,$D93),Resources!$A$2:$A$10,0),MATCH(Weights!$K$11,Resources!$B$1:$F$1,0))))/10 -> 79.75 | H93: =IF(G93<40,"Poor",IF(G93<55,"Basic",IF(G93<70,"Solid",IF(G93<85,"Strong",IF(G93<95,"Excellent","Exceptional"))))) -> Strong | I93: Stat Hint Accuracy | J93: =(Weights!$C$12*IF(Weights!$D$12=0,$E93,INDEX(Resources!$B$2:$F$10,MATCH(CHOOSE(Weights!$D$12,$B93,$C93,$D93),Resources!$A$2:$A$10,0),MATCH(Weights!$E$12,Resources!$B$1:$F$1,0)))+Weights!$F$12*IF(Weights!$G$12=0,$E93,INDEX(Resources!$B$2:$F$10,MATCH(CHOOSE(Weights!$G$12,$B93,$C93,$D93),Resources!$A$2:$A$10,0),MATCH(Weights!$H$12,Resources!$B$1:$F$1,0)))+Weights!$I$12*IF(Weights!$J$12=0,$E93,INDEX(Resources!$B$2:$F$10,MATCH(CHOOSE(Weights!$J$12,$B93,$C93,$D93),Resources!$A$2:$A$10,0),MATCH(Weights!$K$12,Resources!$B$1:$F$1,0))))/10 -> 87.5 | K93: =IF(J93<40,"Poor",IF(J93<55,"Basic",IF(J93<70,"Solid",IF(J93<85,"Strong",IF(J93<95,"Excellent","Exceptional"))))) -> Excellent | L93: Signal Range | M93: =(Weights!$C$13*IF(Weights!$D$13=0,$E93,INDEX(Resources!$B$2:$F$10,MATCH(CHOOSE(Weights!$D$13,$B93,$C93,$D93),Resources!$A$2:$A$10,0),MATCH(Weights!$E$13,Resources!$B$1:$F$1,0)))+Weights!$F$13*IF(Weights!$G$13=0,$E93,INDEX(Resources!$B$2:$F$10,MATCH(CHOOSE(Weights!$G$13,$B93,$C93,$D93),Resources!$A$2:$A$10,0),MATCH(Weights!$H$13,Resources!$B$1:$F$1,0)))+Weights!$I$13*IF(Weights!$J$13=0,$E93,INDEX(Resources!$B$2:$F$10,MATCH(CHOOSE(Weights!$J$13,$B93,$C93,$D93),Resources!$A$2:$A$10,0),MATCH(Weights!$K$13,Resources!$B$1:$F$1,0))))/10 -> 87.75 | N93: =IF(M93<40,"Poor",IF(M93<55,"Basic",IF(M93<70,"Solid",IF(M93<85,"Strong",IF(M93<95,"Excellent","Exceptional"))))) -> Excellent | O93: =MIN(100,MAX(G93,J93,M93)*(1+0.05*3)) -> 100 | P93: =IF(O93<40,"Poor",IF(O93<55,"Basic",IF(O93<70,"Solid",IF(O93<85,"Strong",IF(O93<95,"Excellent","Exceptional"))))) -> Exceptional
A94: Survey Scanner Module Mk I | B94: Veyrith Copper | C94: Pale Ember Crystal | D94: Bendrel Ridge Alloy | E94: =AVERAGE(INDEX(Resources!$B$2:$F$10,MATCH($B94,Resources!$A$2:$A$10,0),1),INDEX(Resources!$B$2:$F$10,MATCH($C94,Resources!$A$2:$A$10,0),1),INDEX(Resources!$B$2:$F$10,MATCH($D94,Resources!$A$2:$A$10,0),1)) -> 703.33333 | F94: Survey Clarity | G94: =(Weights!$C$11*IF(Weights!$D$11=0,$E94,INDEX(Resources!$B$2:$F$10,MATCH(CHOOSE(Weights!$D$11,$B94,$C94,$D94),Resources!$A$2:$A$10,0),MATCH(Weights!$E$11,Resources!$B$1:$F$1,0)))+Weights!$F$11*IF(Weights!$G$11=0,$E94,INDEX(Resources!$B$2:$F$10,MATCH(CHOOSE(Weights!$G$11,$B94,$C94,$D94),Resources!$A$2:$A$10,0),MATCH(Weights!$H$11,Resources!$B$1:$F$1,0)))+Weights!$I$11*IF(Weights!$J$11=0,$E94,INDEX(Resources!$B$2:$F$10,MATCH(CHOOSE(Weights!$J$11,$B94,$C94,$D94),Resources!$A$2:$A$10,0),MATCH(Weights!$K$11,Resources!$B$1:$F$1,0))))/10 -> 79.35 | H94: =IF(G94<40,"Poor",IF(G94<55,"Basic",IF(G94<70,"Solid",IF(G94<85,"Strong",IF(G94<95,"Excellent","Exceptional"))))) -> Strong | I94: Stat Hint Accuracy | J94: =(Weights!$C$12*IF(Weights!$D$12=0,$E94,INDEX(Resources!$B$2:$F$10,MATCH(CHOOSE(Weights!$D$12,$B94,$C94,$D94),Resources!$A$2:$A$10,0),MATCH(Weights!$E$12,Resources!$B$1:$F$1,0)))+Weights!$F$12*IF(Weights!$G$12=0,$E94,INDEX(Resources!$B$2:$F$10,MATCH(CHOOSE(Weights!$G$12,$B94,$C94,$D94),Resources!$A$2:$A$10,0),MATCH(Weights!$H$12,Resources!$B$1:$F$1,0)))+Weights!$I$12*IF(Weights!$J$12=0,$E94,INDEX(Resources!$B$2:$F$10,MATCH(CHOOSE(Weights!$J$12,$B94,$C94,$D94),Resources!$A$2:$A$10,0),MATCH(Weights!$K$12,Resources!$B$1:$F$1,0))))/10 -> 86.966667 | K94: =IF(J94<40,"Poor",IF(J94<55,"Basic",IF(J94<70,"Solid",IF(J94<85,"Strong",IF(J94<95,"Excellent","Exceptional"))))) -> Excellent | L94: Signal Range | M94: =(Weights!$C$13*IF(Weights!$D$13=0,$E94,INDEX(Resources!$B$2:$F$10,MATCH(CHOOSE(Weights!$D$13,$B94,$C94,$D94),Resources!$A$2:$A$10,0),MATCH(Weights!$E$13,Resources!$B$1:$F$1,0)))+Weights!$F$13*IF(Weights!$G$13=0,$E94,INDEX(Resources!$B$2:$F$10,MATCH(CHOOSE(Weights!$G$13,$B94,$C94,$D94),Resources!$A$2:$A$10,0),MATCH(Weights!$H$13,Resources!$B$1:$F$1,0)))+Weights!$I$13*IF(Weights!$J$13=0,$E94,INDEX(Resources!$B$2:$F$10,MATCH(CHOOSE(Weights!$J$13,$B94,$C94,$D94),Resources!$A$2:$A$10,0),MATCH(Weights!$K$13,Resources!$B$1:$F$1,0))))/10 -> 87.216667 | N94: =IF(M94<40,"Poor",IF(M94<55,"Basic",IF(M94<70,"Solid",IF(M94<85,"Strong",IF(M94<95,"Excellent","Exceptional"))))) -> Excellent | O94: =MIN(100,MAX(G94,J94,M94)*(1+0.05*3)) -> 100 | P94: =IF(O94<40,"Poor",IF(O94<55,"Basic",IF(O94<70,"Solid",IF(O94<85,"Strong",IF(O94<95,"Excellent","Exceptional"))))) -> Exceptional
... A109: Survey Scanner Module Mk I | B109: Sorrel Vein Copper | C109: Glimmerfall Shard | D109: Bendrel Ridge Alloy | E109: =AVERAGE(INDEX(Resources!$B$2:$F$10,MATCH($B109,Resources!$A$2:$A$10,0),1),INDEX(Resources!$B$2:$F$10,MATCH($C109,Resources!$A$2:$A$10,0),1),INDEX(Resources!$B$2:$F$10,MATCH($D109,Resources!$A$2:$A$10,0),1)) -> 656.66667 | F109: Survey Clarity | G109: =(Weights!$C$11*IF(Weights!$D$11=0,$E109,INDEX(Resources!$B$2:$F$10,MATCH(CHOOSE(Weights!$D$11,$B109,$C109,$D109),Resources!$A$2:$A$10,0),MATCH(Weights!$E$11,Resources!$B$1:$F$1,0)))+Weights!$F$11*IF(Weights!$G$11=0,$E109,INDEX(Resources!$B$2:$F$10,MATCH(CHOOSE(Weights!$G$11,$B109,$C109,$D109),Resources!$A$2:$A$10,0),MATCH(Weights!$H$11,Resources!$B$1:$F$1,0)))+Weights!$I$11*IF(Weights!$J$11=0,$E109,INDEX(Resources!$B$2:$F$10,MATCH(CHOOSE(Weights!$J$11,$B109,$C109,$D109),Resources!$A$2:$A$10,0),MATCH(Weights!$K$11,Resources!$B$1:$F$1,0))))/10 -> 65.25 | H109: =IF(G109<40,"Poor",IF(G109<55,"Basic",IF(G109<70,"Solid",IF(G109<85,"Strong",IF(G109<95,"Excellent","Exceptional"))))) -> Solid | I109: Stat Hint Accuracy | J109: =(Weights!$C$12*IF(Weights!$D$12=0,$E109,INDEX(Resources!$B$2:$F$10,MATCH(CHOOSE(Weights!$D$12,$B109,$C109,$D109),Resources!$A$2:$A$10,0),MATCH(Weights!$E$12,Resources!$B$1:$F$1,0)))+Weights!$F$12*IF(Weights!$G$12=0,$E109,INDEX(Resources!$B$2:$F$10,MATCH(CHOOSE(Weights!$G$12,$B109,$C109,$D109),Resources!$A$2:$A$10,0),MATCH(Weights!$H$12,Resources!$B$1:$F$1,0)))+Weights!$I$12*IF(Weights!$J$12=0,$E109,INDEX(Resources!$B$2:$F$10,MATCH(CHOOSE(Weights!$J$12,$B109,$C109,$D109),Resources!$A$2:$A$10,0),MATCH(Weights!$K$12,Resources!$B$1:$F$1,0))))/10 -> 64.333333 | K109: =IF(J109<40,"Poor",IF(J109<55,"Basic",IF(J109<70,"Solid",IF(J109<85,"Strong",IF(J109<95,"Excellent","Exceptional"))))) -> Solid | L109: Signal Range | M109: =(Weights!$C$13*IF(Weights!$D$13=0,$E109,INDEX(Resources!$B$2:$F$10,MATCH(CHOOSE(Weights!$D$13,$B109,$C109,$D109),Resources!$A$2:$A$10,0),MATCH(Weights!$E$13,Resources!$B$1:$F$1,0)))+Weights!$F$13*IF(Weights!$G$13=0,$E109,INDEX(Resources!$B$2:$F$10,MATCH(CHOOSE(Weights!$G$13,$B109,$C109,$D109),Resources!$A$2:$A$10,0),MATCH(Weights!$H$13,Resources!$B$1:$F$1,0)))+Weights!$I$13*IF(Weights!$J$13=0,$E109,INDEX(Resources!$B$2:$F$10,MATCH(CHOOSE(Weights!$J$13,$B109,$C109,$D109),Resources!$A$2:$A$10,0),MATCH(Weights!$K$13,Resources!$B$1:$F$1,0))))/10 -> 64.333333 | N109: =IF(M109<40,"Poor",IF(M109<55,"Basic",IF(M109<70,"Solid",IF(M109<85,"Strong",IF(M109<95,"Excellent","Exceptional"))))) -> Solid | O109: =MIN(100,MAX(G109,J109,M109)*(1+0.05*3)) -> 75.0375 | P109: =IF(O109<40,"Poor",IF(O109<55,"Basic",IF(O109<70,"Solid",IF(O109<85,"Strong",IF(O109<95,"Excellent","Exceptional"))))) -> Strong
A110: Field Repair Kit | B110: Keth Iron | C110: Red Mesa Conductive Slag | D110: Pale Ember Crystal | E110: =AVERAGE(INDEX(Resources!$B$2:$F$10,MATCH($B110,Resources!$A$2:$A$10,0),1),INDEX(Resources!$B$2:$F$10,MATCH($C110,Resources!$A$2:$A$10,0),1),INDEX(Resources!$B$2:$F$10,MATCH($D110,Resources!$A$2:$A$10,0),1)) -> 513.33333 | F110: Condition Restored | G110: =(Weights!$C$14*IF(Weights!$D$14=0,$E110,INDEX(Resources!$B$2:$F$10,MATCH(CHOOSE(Weights!$D$14,$B110,$C110,$D110),Resources!$A$2:$A$10,0),MATCH(Weights!$E$14,Resources!$B$1:$F$1,0)))+Weights!$F$14*IF(Weights!$G$14=0,$E110,INDEX(Resources!$B$2:$F$10,MATCH(CHOOSE(Weights!$G$14,$B110,$C110,$D110),Resources!$A$2:$A$10,0),MATCH(Weights!$H$14,Resources!$B$1:$F$1,0)))+Weights!$I$14*IF(Weights!$J$14=0,$E110,INDEX(Resources!$B$2:$F$10,MATCH(CHOOSE(Weights!$J$14,$B110,$C110,$D110),Resources!$A$2:$A$10,0),MATCH(Weights!$K$14,Resources!$B$1:$F$1,0))))/10 -> 56.166667 | H110: =IF(G110<40,"Poor",IF(G110<55,"Basic",IF(G110<70,"Solid",IF(G110<85,"Strong",IF(G110<95,"Excellent","Exceptional"))))) -> Solid | I110: Integrity Safety | J110: =(Weights!$C$15*IF(Weights!$D$15=0,$E110,INDEX(Resources!$B$2:$F$10,MATCH(CHOOSE(Weights!$D$15,$B110,$C110,$D110),Resources!$A$2:$A$10,0),MATCH(Weights!$E$15,Resources!$B$1:$F$1,0)))+Weights!$F$15*IF(Weights!$G$15=0,$E110,INDEX(Resources!$B$2:$F$10,MATCH(CHOOSE(Weights!$G$15,$B110,$C110,$D110),Resources!$A$2:$A$10,0),MATCH(Weights!$H$15,Resources!$B$1:$F$1,0)))+Weights!$I$15*IF(Weights!$J$15=0,$E110,INDEX(Resources!$B$2:$F$10,MATCH(CHOOSE(Weights!$J$15,$B110,$C110,$D110),Resources!$A$2:$A$10,0),MATCH(Weights!$K$15,Resources!$B$1:$F$1,0))))/10 -> 67.8 | K110: =IF(J110<40,"Poor",IF(J110<55,"Basic",IF(J110<70,"Solid",IF(J110<85,"Strong",IF(J110<95,"Excellent","Exceptional"))))) -> Solid | L110: Field Reliability | M110: =(Weights!$C$16*IF(Weights!$D$16=0,$E110,INDEX(Resources!$B$2:$F$10,MATCH(CHOOSE(Weights!$D$16,$B110,$C110,$D110),Resources!$A$2:$A$10,0),MATCH(Weights!$E$16,Resources!$B$1:$F$1,0)))+Weights!$F$16*IF(Weights!$G$16=0,$E110,INDEX(Resources!$B$2:$F$10,MATCH(CHOOSE(Weights!$G$16,$B110,$C110,$D110),Resources!$A$2:$A$10,0),MATCH(Weights!$H$16,Resources!$B$1:$F$1,0)))+Weights!$I$16*IF(Weights!$J$16=0,$E110,INDEX(Resources!$B$2:$F$10,MATCH(CHOOSE(Weights!$J$16,$B110,$C110,$D110),Resources!$A$2:$A$10,0),MATCH(Weights!$K$16,Resources!$B$1:$F$1,0))))/10 -> 75.066667 | N110: =IF(M110<40,"Poor",IF(M110<55,"Basic",IF(M110<70,"Solid",IF(M110<85,"Strong",IF(M110<95,"Excellent","Exceptional"))))) -> Strong | O110: =MIN(100,MAX(G110,J110,M110)*(1+0.05*3)) -> 86.326667 | P110: =IF(O110<40,"Poor",IF(O110<55,"Basic",IF(O110<70,"Solid",IF(O110<85,"Strong",IF(O110<95,"Excellent","Exceptional"))))) -> Excellent
A111: Field Repair Kit | B111: Keth Iron | C111: Red Mesa Conductive Slag | D111: Thornwake Crystal | E111: =AVERAGE(INDEX(Resources!$B$2:$F$10,MATCH($B111,Resources!$A$2:$A$10,0),1),INDEX(Resources!$B$2:$F$10,MATCH($C111,Resources!$A$2:$A$10,0),1),INDEX(Resources!$B$2:$F$10,MATCH($D111,Resources!$A$2:$A$10,0),1)) -> 483.33333 | F111: Condition Restored | G111: =(Weights!$C$14*IF(Weights!$D$14=0,$E111,INDEX(Resources!$B$2:$F$10,MATCH(CHOOSE(Weights!$D$14,$B111,$C111,$D111),Resources!$A$2:$A$10,0),MATCH(Weights!$E$14,Resources!$B$1:$F$1,0)))+Weights!$F$14*IF(Weights!$G$14=0,$E111,INDEX(Resources!$B$2:$F$10,MATCH(CHOOSE(Weights!$G$14,$B111,$C111,$D111),Resources!$A$2:$A$10,0),MATCH(Weights!$H$14,Resources!$B$1:$F$1,0)))+Weights!$I$14*IF(Weights!$J$14=0,$E111,INDEX(Resources!$B$2:$F$10,MATCH(CHOOSE(Weights!$J$14,$B111,$C111,$D111),Resources!$A$2:$A$10,0),MATCH(Weights!$K$14,Resources!$B$1:$F$1,0))))/10 -> 55.116667 | H111: =IF(G111<40,"Poor",IF(G111<55,"Basic",IF(G111<70,"Solid",IF(G111<85,"Strong",IF(G111<95,"Excellent","Exceptional"))))) -> Solid | I111: Integrity Safety | J111: =(Weights!$C$15*IF(Weights!$D$15=0,$E111,INDEX(Resources!$B$2:$F$10,MATCH(CHOOSE(Weights!$D$15,$B111,$C111,$D111),Resources!$A$2:$A$10,0),MATCH(Weights!$E$15,Resources!$B$1:$F$1,0)))+Weights!$F$15*IF(Weights!$G$15=0,$E111,INDEX(Resources!$B$2:$F$10,MATCH(CHOOSE(Weights!$G$15,$B111,$C111,$D111),Resources!$A$2:$A$10,0),MATCH(Weights!$H$15,Resources!$B$1:$F$1,0)))+Weights!$I$15*IF(Weights!$J$15=0,$E111,INDEX(Resources!$B$2:$F$10,MATCH(CHOOSE(Weights!$J$15,$B111,$C111,$D111),Resources!$A$2:$A$10,0),MATCH(Weights!$K$15,Resources!$B$1:$F$1,0))))/10 -> 46.8 | K111: =IF(J111<40,"Poor",IF(J111<55,"Basic",IF(J111<70,"Solid",IF(J111<85,"Strong",IF(J111<95,"Excellent","Exceptional"))))) -> Basic | L111: Field Reliability | M111: =(Weights!$C$16*IF(Weights!$D$16=0,$E111,INDEX(Resources!$B$2:$F$10,MATCH(CHOOSE(Weights!$D$16,$B111,$C111,$D111),Resources!$A$2:$A$10,0),MATCH(Weights!$E$16,Resources!$B$1:$F$1,0)))+Weights!$F$16*IF(Weights!$G$16=0,$E111,INDEX(Resources!$B$2:$F$10,MATCH(CHOOSE(Weights!$G$16,$B111,$C111,$D111),Resources!$A$2:$A$10,0),MATCH(Weights!$H$16,Resources!$B$1:$F$1,0)))+Weights!$I$16*IF(Weights!$J$16=0,$E111,INDEX(Resources!$B$2:$F$10,MATCH(CHOOSE(Weights!$J$16,$B111,$C111,$D111),Resources!$A$2:$A$10,0),MATCH(Weights!$K$16,Resources!$B$1:$F$1,0))))/10 -> 44.316667 | N111: =IF(M111<40,"Poor",IF(M111<55,"Basic",IF(M111<70,"Solid",IF(M111<85,"Strong",IF(M111<95,"Excellent","Exceptional"))))) -> Basic | O111: =MIN(100,MAX(G111,J111,M111)*(1+0.05*3)) -> 63.384167 | P111: =IF(O111<40,"Poor",IF(O111<55,"Basic",IF(O111<70,"Solid",IF(O111<85,"Strong",IF(O111<95,"Excellent","Exceptional"))))) -> Solid
A112: Field Repair Kit | B112: Keth Iron | C112: Red Mesa Conductive Slag | D112: Glimmerfall Shard | E112: =AVERAGE(INDEX(Resources!$B$2:$F$10,MATCH($B112,Resources!$A$2:$A$10,0),1),INDEX(Resources!$B$2:$F$10,MATCH($C112,Resources!$A$2:$A$10,0),1),INDEX(Resources!$B$2:$F$10,MATCH($D112,Resources!$A$2:$A$10,0),1)) -> 553.33333 | F112: Condition Restored | G112: =(Weights!$C$14*IF(Weights!$D$14=0,$E112,INDEX(Resources!$B$2:$F$10,MATCH(CHOOSE(Weights!$D$14,$B112,$C112,$D112),Resources!$A$2:$A$10,0),MATCH(Weights!$E$14,Resources!$B$1:$F$1,0)))+Weights!$F$14*IF(Weights!$G$14=0,$E112,INDEX(Resources!$B$2:$F$10,MATCH(CHOOSE(Weights!$G$14,$B112,$C112,$D112),Resources!$A$2:$A$10,0),MATCH(Weights!$H$14,Resources!$B$1:$F$1,0)))+Weights!$I$14*IF(Weights!$J$14=0,$E112,INDEX(Resources!$B$2:$F$10,MATCH(CHOOSE(Weights!$J$14,$B112,$C112,$D112),Resources!$A$2:$A$10,0),MATCH(Weights!$K$14,Resources!$B$1:$F$1,0))))/10 -> 57.566667 | H112: =IF(G112<40,"Poor",IF(G112<55,"Basic",IF(G112<70,"Solid",IF(G112<85,"Strong",IF(G112<95,"Excellent","Exceptional"))))) -> Solid | I112: Integrity Safety | J112: =(Weights!$C$15*IF(Weights!$D$15=0,$E112,INDEX(Resources!$B$2:$F$10,MATCH(CHOOSE(Weights!$D$15,$B112,$C112,$D112),Resources!$A$2:$A$10,0),MATCH(Weights!$E$15,Resources!$B$1:$F$1,0)))+Weights!$F$15*IF(Weights!$G$15=0,$E112,INDEX(Resources!$B$2:$F$10,MATCH(CHOOSE(Weights!$G$15,$B112,$C112,$D112),Resources!$A$2:$A$10,0),MATCH(Weights!$H$15,Resources!$B$1:$F$1,0)))+Weights!$I$15*IF(Weights!$J$15=0,$E112,INDEX(Resources!$B$2:$F$10,MATCH(CHOOSE(Weights!$J$15,$B112,$C112,$D112),Resources!$A$2:$A$10,0),MATCH(Weights!$K$15,Resources!$B$1:$F$1,0))))/10 -> 61.8 | K112: =IF(J112<40,"Poor",IF(J112<55,"Basic",IF(J112<70,"Solid",IF(J112<85,"Strong",IF(J112<95,"Excellent","Exceptional"))))) -> Solid | L112: Field Reliability | M112: =(Weights!$C$16*IF(Weights!$D$16=0,$E112,INDEX(Resources!$B$2:$F$10,MATCH(CHOOSE(Weights!$D$16,$B112,$C112,$D112),Resources!$A$2:$A$10,0),MATCH(Weights!$E$16,Resources!$B$1:$F$1,0)))+Weights!$F$16*IF(Weights!$G$16=0,$E112,INDEX(Resources!$B$2:$F$10,MATCH(CHOOSE(Weights!$G$16,$B112,$C112,$D112),Resources!$A$2:$A$10,0),MATCH(Weights!$H$16,Resources!$B$1:$F$1,0)))+Weights!$I$16*IF(Weights!$J$16=0,$E112,INDEX(Resources!$B$2:$F$10,MATCH(CHOOSE(Weights!$J$16,$B112,$C112,$D112),Resources!$A$2:$A$10,0),MATCH(Weights!$K$16,Resources!$B$1:$F$1,0))))/10 -> 65.066667 | N112: =IF(M112<40,"Poor",IF(M112<55,"Basic",IF(M112<70,"Solid",IF(M112<85,"Strong",IF(M112<95,"Excellent","Exceptional"))))) -> Solid | O112: =MIN(100,MAX(G112,J112,M112)*(1+0.05*3)) -> 74.826667 | P112: =IF(O112<40,"Poor",IF(O112<55,"Basic",IF(O112<70,"Solid",IF(O112<85,"Strong",IF(O112<95,"Excellent","Exceptional"))))) -> Strong
A113: Field Repair Kit | B113: Keth Iron | C113: Veyrith Copper | D113: Pale Ember Crystal | E113: =AVERAGE(INDEX(Resources!$B$2:$F$10,MATCH($B113,Resources!$A$2:$A$10,0),1),INDEX(Resources!$B$2:$F$10,MATCH($C113,Resources!$A$2:$A$10,0),1),INDEX(Resources!$B$2:$F$10,MATCH($D113,Resources!$A$2:$A$10,0),1)) -> 673.33333 | F113: Condition Restored | G113: =(Weights!$C$14*IF(Weights!$D$14=0,$E113,INDEX(Resources!$B$2:$F$10,MATCH(CHOOSE(Weights!$D$14,$B113,$C113,$D113),Resources!$A$2:$A$10,0),MATCH(Weights!$E$14,Resources!$B$1:$F$1,0)))+Weights!$F$14*IF(Weights!$G$14=0,$E113,INDEX(Resources!$B$2:$F$10,MATCH(CHOOSE(Weights!$G$14,$B113,$C113,$D113),Resources!$A$2:$A$10,0),MATCH(Weights!$H$14,Resources!$B$1:$F$1,0)))+Weights!$I$14*IF(Weights!$J$14=0,$E113,INDEX(Resources!$B$2:$F$10,MATCH(CHOOSE(Weights!$J$14,$B113,$C113,$D113),Resources!$A$2:$A$10,0),MATCH(Weights!$K$14,Resources!$B$1:$F$1,0))))/10 -> 61.766667 | H113: =IF(G113<40,"Poor",IF(G113<55,"Basic",IF(G113<70,"Solid",IF(G113<85,"Strong",IF(G113<95,"Excellent","Exceptional"))))) -> Solid | I113: Integrity Safety | J113: =(Weights!$C$15*IF(Weights!$D$15=0,$E113,INDEX(Resources!$B$2:$F$10,MATCH(CHOOSE(Weights!$D$15,$B113,$C113,$D113),Resources!$A$2:$A$10,0),MATCH(Weights!$E$15,Resources!$B$1:$F$1,0)))+Weights!$F$15*IF(Weights!$G$15=0,$E113,INDEX(Resources!$B$2:$F$10,MATCH(CHOOSE(Weights!$G$15,$B113,$C113,$D113),Resources!$A$2:$A$10,0),MATCH(Weights!$H$15,Resources!$B$1:$F$1,0)))+Weights!$I$15*IF(Weights!$J$15=0,$E113,INDEX(Resources!$B$2:$F$10,MATCH(CHOOSE(Weights!$J$15,$B113,$C113,$D113),Resources!$A$2:$A$10,0),MATCH(Weights!$K$15,Resources!$B$1:$F$1,0))))/10 -> 72.6 | K113: =IF(J113<40,"Poor",IF(J113<55,"Basic",IF(J113<70,"Solid",IF(J113<85,"Strong",IF(J113<95,"Excellent","Exceptional"))))) -> Strong | L113: Field Reliability | M113: =(Weights!$C$16*IF(Weights!$D$16=0,$E113,INDEX(Resources!$B$2:$F$10,MATCH(CHOOSE(Weights!$D$16,$B113,$C113,$D113),Resources!$A$2:$A$10,0),MATCH(Weights!$E$16,Resources!$B$1:$F$1,0)))+Weights!$F$16*IF(Weights!$G$16=0,$E113,INDEX(Resources!$B$2:$F$10,MATCH(CHOOSE(Weights!$G$16,$B113,$C113,$D113),Resources!$A$2:$A$10,0),MATCH(Weights!$H$16,Resources!$B$1:$F$1,0)))+Weights!$I$16*IF(Weights!$J$16=0,$E113,INDEX(Resources!$B$2:$F$10,MATCH(CHOOSE(Weights!$J$16,$B113,$C113,$D113),Resources!$A$2:$A$10,0),MATCH(Weights!$K$16,Resources!$B$1:$F$1,0))))/10 -> 71.966667 | N113: =IF(M113<40,"Poor",IF(M113<55,"Basic",IF(M113<70,"Solid",IF(M113<85,"Strong",IF(M113<95,"Excellent","Exceptional"))))) -> Strong | O113: =MIN(100,MAX(G113,J113,M113)*(1+0.05*3)) -> 83.49 | P113: =IF(O113<40,"Poor",IF(O113<55,"Basic",IF(O113<70,"Solid",IF(O113<85,"Strong",IF(O113<95,"Excellent","Exceptional"))))) -> Strong
A114: Field Repair Kit | B114: Keth Iron | C114: Veyrith Copper | D114: Thornwake Crystal | E114: =AVERAGE(INDEX(Resources!$B$2:$F$10,MATCH($B114,Resources!$A$2:$A$10,0),1),INDEX(Resources!$B$2:$F$10,MATCH($C114,Resources!$A$2:$A$10,0),1),INDEX(Resources!$B$2:$F$10,MATCH($D114,Resources!$A$2:$A$10,0),1)) -> 643.33333 | F114: Condition Restored | G114: =(Weights!$C$14*IF(Weights!$D$14=0,$E114,INDEX(Resources!$B$2:$F$10,MATCH(CHOOSE(Weights!$D$14,$B114,$C114,$D114),Resources!$A$2:$A$10,0),MATCH(Weights!$E$14,Resources!$B$1:$F$1,0)))+Weights!$F$14*IF(Weights!$G$14=0,$E114,INDEX(Resources!$B$2:$F$10,MATCH(CHOOSE(Weights!$G$14,$B114,$C114,$D114),Resources!$A$2:$A$10,0),MATCH(Weights!$H$14,Resources!$B$1:$F$1,0)))+Weights!$I$14*IF(Weights!$J$14=0,$E114,INDEX(Resources!$B$2:$F$10,MATCH(CHOOSE(Weights!$J$14,$B114,$C114,$D114),Resources!$A$2:$A$10,0),MATCH(Weights!$K$14,Resources!$B$1:$F$1,0))))/10 -> 60.716667 | H114: =IF(G114<40,"Poor",IF(G114<55,"Basic",IF(G114<70,"Solid",IF(G114<85,"Strong",IF(G114<95,"Excellent","Exceptional"))))) -> Solid | I114: Integrity Safety | J114: =(Weights!$C$15*IF(Weights!$D$15=0,$E114,INDEX(Resources!$B$2:$F$10,MATCH(CHOOSE(Weights!$D$15,$B114,$C114,$D114),Resources!$A$2:$A$10,0),MATCH(Weights!$E$15,Resources!$B$1:$F$1,0)))+Weights!$F$15*IF(Weights!$G$15=0,$E114,INDEX(Resources!$B$2:$F$10,MATCH(CHOOSE(Weights!$G$15,$B114,$C114,$D114),Resources!$A$2:$A$10,0),MATCH(Weights!$H$15,Resources!$B$1:$F$1,0)))+Weights!$I$15*IF(Weights!$J$15=0,$E114,INDEX(Resources!$B$2:$F$10,MATCH(CHOOSE(Weights!$J$15,$B114,$C114,$D114),Resources!$A$2:$A$10,0),MATCH(Weights!$K$15,Resources!$B$1:$F$1,0))))/10 -> 51.6 | K114: =IF(J114<40,"Poor",IF(J114<55,"Basic",IF(J114<70,"Solid",IF(J114<85,"Strong",IF(J114<95,"Excellent","Exceptional"))))) -> Basic | L114: Field Reliability | M114: =(Weights!$C$16*IF(Weights!$D$16=0,$E114,INDEX(Resources!$B$2:$F$10,MATCH(CHOOSE(Weights!$D$16,$B114,$C114,$D114),Resources!$A$2:$A$10,0),MATCH(Weights!$E$16,Resources!$B$1:$F$1,0)))+Weights!$F$16*IF(Weights!$G$16=0,$E114,INDEX(Resources!$B$2:$F$10,MATCH(CHOOSE(Weights!$G$16,$B114,$C114,$D114),Resources!$A$2:$A$10,0),MATCH(Weights!$H$16,Resources!$B$1:$F$1,0)))+Weights!$I$16*IF(Weights!$J$16=0,$E114,INDEX(Resources!$B$2:$F$10,MATCH(CHOOSE(Weights!$J$16,$B114,$C114,$D114),Resources!$A$2:$A$10,0),MATCH(Weights!$K$16,Resources!$B$1:$F$1,0))))/10 -> 41.216667 | N114: =IF(M114<40,"Poor",IF(M114<55,"Basic",IF(M114<70,"Solid",IF(M114<85,"Strong",IF(M114<95,"Excellent","Exceptional"))))) -> Basic | O114: =MIN(100,MAX(G114,J114,M114)*(1+0.05*3)) -> 69.824167 | P114: =IF(O114<40,"Poor",IF(O114<55,"Basic",IF(O114<70,"Solid",IF(O114<85,"Strong",IF(O114<95,"Excellent","Exceptional"))))) -> Solid
A115: Field Repair Kit | B115: Keth Iron | C115: Veyrith Copper | D115: Glimmerfall Shard | E115: =AVERAGE(INDEX(Resources!$B$2:$F$10,MATCH($B115,Resources!$A$2:$A$10,0),1),INDEX(Resources!$B$2:$F$10,MATCH($C115,Resources!$A$2:$A$10,0),1),INDEX(Resources!$B$2:$F$10,MATCH($D115,Resources!$A$2:$A$10,0),1)) -> 713.33333 | F115: Condition Restored | G115: =(Weights!$C$14*IF(Weights!$D$14=0,$E115,INDEX(Resources!$B$2:$F$10,MATCH(CHOOSE(Weights!$D$14,$B115,$C115,$D115),Resources!$A$2:$A$10,0),MATCH(Weights!$E$14,Resources!$B$1:$F$1,0)))+Weights!$F$14*IF(Weights!$G$14=0,$E115,INDEX(Resources!$B$2:$F$10,MATCH(CHOOSE(Weights!$G$14,$B115,$C115,$D115),Resources!$A$2:$A$10,0),MATCH(Weights!$H$14,Resources!$B$1:$F$1,0)))+Weights!$I$14*IF(Weights!$J$14=0,$E115,INDEX(Resources!$B$2:$F$10,MATCH(CHOOSE(Weights!$J$14,$B115,$C115,$D115),Resources!$A$2:$A$10,0),MATCH(Weights!$K$14,Resources!$B$1:$F$1,0))))/10 -> 63.166667 | H115: =IF(G115<40,"Poor",IF(G115<55,"Basic",IF(G115<70,"Solid",IF(G115<85,"Strong",IF(G115<95,"Excellent","Exceptional"))))) -> Solid | I115: Integrity Safety | J115: =(Weights!$C$15*IF(Weights!$D$15=0,$E115,INDEX(Resources!$B$2:$F$10,MATCH(CHOOSE(Weights!$D$15,$B115,$C115,$D115),Resources!$A$2:$A$10,0),MATCH(Weights!$E$15,Resources!$B$1:$F$1,0)))+Weights!$F$15*IF(Weights!$G$15=0,$E115,INDEX(Resources!$B$2:$F$10,MATCH(CHOOSE(Weights!$G$15,$B115,$C115,$D115),Resources!$A$2:$A$10,0),MATCH(Weights!$H$15,Resources!$B$1:$F$1,0)))+Weights!$I$15*IF(Weights!$J$15=0,$E115,INDEX(Resources!$B$2:$F$10,MATCH(CHOOSE(Weights!$J$15,$B115,$C115,$D115),Resources!$A$2:$A$10,0),MATCH(Weights!$K$15,Resources!$B$1:$F$1,0))))/10 -> 66.6 | K115: =IF(J115<40,"Poor",IF(J115<55,"Basic",IF(J115<70,"Solid",IF(J115<85,"Strong",IF(J115<95,"Excellent","Exceptional"))))) -> Solid | L115: Field Reliability | M115: =(Weights!$C$16*IF(Weights!$D$16=0,$E115,INDEX(Resources!$B$2:$F$10,MATCH(CHOOSE(Weights!$D$16,$B115,$C115,$D115),Resources!$A$2:$A$10,0),MATCH(Weights!$E$16,Resources!$B$1:$F$1,0)))+Weights!$F$16*IF(Weights!$G$16=0,$E115,INDEX(Resources!$B$2:$F$10,MATCH(CHOOSE(Weights!$G$16,$B115,$C115,$D115),Resources!$A$2:$A$10,0),MATCH(Weights!$H$16,Resources!$B$1:$F$1,0)))+Weights!$I$16*IF(Weights!$J$16=0,$E115,INDEX(Resources!$B$2:$F$10,MATCH(CHOOSE(Weights!$J$16,$B115,$C115,$D115),Resources!$A$2:$A$10,0),MATCH(Weights!$K$16,Resources!$B$1:$F$1,0))))/10 -> 61.966667 | N115: =IF(M115<40,"Poor",IF(M115<55,"Basic",IF(M115<70,"Solid",IF(M115<85,"Strong",IF(M115<95,"Excellent","Exceptional"))))) -> Solid | O115: =MIN(100,MAX(G115,J115,M115)*(1+0.05*3)) -> 76.59 | P115: =IF(O115<40,"Poor",IF(O115<55,"Basic",IF(O115<70,"Solid",IF(O115<85,"Strong",IF(O115<95,"Excellent","Exceptional"))))) -> Strong
A116: Field Repair Kit | B116: Keth Iron | C116: Sorrel Vein Copper | D116: Pale Ember Crystal | E116: =AVERAGE(INDEX(Resources!$B$2:$F$10,MATCH($B116,Resources!$A$2:$A$10,0),1),INDEX(Resources!$B$2:$F$10,MATCH($C116,Resources!$A$2:$A$10,0),1),INDEX(Resources!$B$2:$F$10,MATCH($D116,Resources!$A$2:$A$10,0),1)) -> 586.66667 | F116: Condition Restored | G116: =(Weights!$C$14*IF(Weights!$D$14=0,$E116,INDEX(Resources!$B$2:$F$10,MATCH(CHOOSE(Weights!$D$14,$B116,$C116,$D116),Resources!$A$2:$A$10,0),MATCH(Weights!$E$14,Resources!$B$1:$F$1,0)))+Weights!$F$14*IF(Weights!$G$14=0,$E116,INDEX(Resources!$B$2:$F$10,MATCH(CHOOSE(Weights!$G$14,$B116,$C116,$D116),Resources!$A$2:$A$10,0),MATCH(Weights!$H$14,Resources!$B$1:$F$1,0)))+Weights!$I$14*IF(Weights!$J$14=0,$E116,INDEX(Resources!$B$2:$F$10,MATCH(CHOOSE(Weights!$J$14,$B116,$C116,$D116),Resources!$A$2:$A$10,0),MATCH(Weights!$K$14,Resources!$B$1:$F$1,0))))/10 -> 58.733333 | H116: =IF(G116<40,"Poor",IF(G116<55,"Basic",IF(G116<70,"Solid",IF(G116<85,"Strong",IF(G116<95,"Excellent","Exceptional"))))) -> Solid | I116: Integrity Safety | J116: =(Weights!$C$15*IF(Weights!$D$15=0,$E116,INDEX(Resources!$B$2:$F$10,MATCH(CHOOSE(Weights!$D$15,$B116,$C116,$D116),Resources!$A$2:$A$10,0),MATCH(Weights!$E$15,Resources!$B$1:$F$1,0)))+Weights!$F$15*IF(Weights!$G$15=0,$E116,INDEX(Resources!$B$2:$F$10,MATCH(CHOOSE(Weights!$G$15,$B116,$C116,$D116),Resources!$A$2:$A$10,0),MATCH(Weights!$H$15,Resources!$B$1:$F$1,0)))+Weights!$I$15*IF(Weights!$J$15=0,$E116,INDEX(Resources!$B$2:$F$10,MATCH(CHOOSE(Weights!$J$15,$B116,$C116,$D116),Resources!$A$2:$A$10,0),MATCH(Weights!$K$15,Resources!$B$1:$F$1,0))))/10 -> 70 | K116: =IF(J116<40,"Poor",IF(J116<55,"Basic",IF(J116<70,"Solid",IF(J116<85,"Strong",IF(J116<95,"Excellent","Exceptional"))))) -> Strong | L116: Field Reliability | M116: =(Weights!$C$16*IF(Weights!$D$16=0,$E116,INDEX(Resources!$B$2:$F$10,MATCH(CHOOSE(Weights!$D$16,$B116,$C116,$D116),Resources!$A$2:$A$10,0),MATCH(Weights!$E$16,Resources!$B$1:$F$1,0)))+Weights!$F$16*IF(Weights!$G$16=0,$E116,INDEX(Resources!$B$2:$F$10,MATCH(CHOOSE(Weights!$G$16,$B116,$C116,$D116),Resources!$A$2:$A$10,0),MATCH(Weights!$H$16,Resources!$B$1:$F$1,0)))+Weights!$I$16*IF(Weights!$J$16=0,$E116,INDEX(Resources!$B$2:$F$10,MATCH(CHOOSE(Weights!$J$16,$B116,$C116,$D116),Resources!$A$2:$A$10,0),MATCH(Weights!$K$16,Resources!$B$1:$F$1,0))))/10 -> 66.383333 | N116: =IF(M116<40,"Poor",IF(M116<55,"Basic",IF(M116<70,"Solid",IF(M116<85,"Strong",IF(M116<95,"Excellent","Exceptional"))))) -> Solid | O116: =MIN(100,MAX(G116,J116,M116)*(1+0.05*3)) -> 80.5 | P116: =IF(O116<40,"Poor",IF(O116<55,"Basic",IF(O116<70,"Solid",IF(O116<85,"Strong",IF(O116<95,"Excellent","Exceptional"))))) -> Strong
A117: Field Repair Kit | B117: Keth Iron | C117: Sorrel Vein Copper | D117: Thornwake Crystal | E117: =AVERAGE(INDEX(Resources!$B$2:$F$10,MATCH($B117,Resources!$A$2:$A$10,0),1),INDEX(Resources!$B$2:$F$10,MATCH($C117,Resources!$A$2:$A$10,0),1),INDEX(Resources!$B$2:$F$10,MATCH($D117,Resources!$A$2:$A$10,0),1)) -> 556.66667 | F117: Condition Restored | G117: =(Weights!$C$14*IF(Weights!$D$14=0,$E117,INDEX(Resources!$B$2:$F$10,MATCH(CHOOSE(Weights!$D$14,$B117,$C117,$D117),Resources!$A$2:$A$10,0),MATCH(Weights!$E$14,Resources!$B$1:$F$1,0)))+Weights!$F$14*IF(Weights!$G$14=0,$E117,INDEX(Resources!$B$2:$F$10,MATCH(CHOOSE(Weights!$G$14,$B117,$C117,$D117),Resources!$A$2:$A$10,0),MATCH(Weights!$H$14,Resources!$B$1:$F$1,0)))+Weights!$I$14*IF(Weights!$J$14=0,$E117,INDEX(Resources!$B$2:$F$10,MATCH(CHOOSE(Weights!$J$14,$B117,$C117,$D117),Resources!$A$2:$A$10,0),MATCH(Weights!$K$14,Resources!$B$1:$F$1,0))))/10 -> 57.683333 | H117: =IF(G117<40,"Poor",IF(G117<55,"Basic",IF(G117<70,"Solid",IF(G117<85,"Strong",IF(G117<95,"Excellent","Exceptional"))))) -> Solid | I117: Integrity Safety | J117: =(Weights!$C$15*IF(Weights!$D$15=0,$E117,INDEX(Resources!$B$2:$F$10,MATCH(CHOOSE(Weights!$D$15,$B117,$C117,$D117),Resources!$A$2:$A$10,0),MATCH(Weights!$E$15,Resources!$B$1:$F$1,0)))+Weights!$F$15*IF(Weights!$G$15=0,$E117,INDEX(Resources!$B$2:$F$10,MATCH(CHOOSE(Weights!$G$15,$B117,$C117,$D117),Resources!$A$2:$A$10,0),MATCH(Weights!$H$15,Resources!$B$1:$F$1,0)))+Weights!$I$15*IF(Weights!$J$15=0,$E117,INDEX(Resources!$B$2:$F$10,MATCH(CHOOSE(Weights!$J$15,$B117,$C117,$D117),Resources!$A$2:$A$10,0),MATCH(Weights!$K$15,Resources!$B$1:$F$1,0))))/10 -> 49 | K117: =IF(J117<40,"Poor",IF(J117<55,"Basic",IF(J117<70,"Solid",IF(J117<85,"Strong",IF(J117<95,"Excellent","Exceptional"))))) -> Basic | L117: Field Reliability | M117: =(Weights!$C$16*IF(Weights!$D$16=0,$E117,INDEX(Resources!$B$2:$F$10,MATCH(CHOOSE(Weights!$D$16,$B117,$C117,$D117),Resources!$A$2:$A$10,0),MATCH(Weights!$E$16,Resources!$B$1:$F$1,0)))+Weights!$F$16*IF(Weights!$G$16=0,$E117,INDEX(Resources!$B$2:$F$10,MATCH(CHOOSE(Weights!$G$16,$B117,$C117,$D117),Resources!$A$2:$A$10,0),MATCH(Weights!$H$16,Resources!$B$1:$F$1,0)))+Weights!$I$16*IF(Weights!$J$16=0,$E117,INDEX(Resources!$B$2:$F$10,MATCH(CHOOSE(Weights!$J$16,$B117,$C117,$D117),Resources!$A$2:$A$10,0),MATCH(Weights!$K$16,Resources!$B$1:$F$1,0))))/10 -> 35.633333 | N117: =IF(M117<40,"Poor",IF(M117<55,"Basic",IF(M117<70,"Solid",IF(M117<85,"Strong",IF(M117<95,"Excellent","Exceptional"))))) -> Poor | O117: =MIN(100,MAX(G117,J117,M117)*(1+0.05*3)) -> 66.335833 | P117: =IF(O117<40,"Poor",IF(O117<55,"Basic",IF(O117<70,"Solid",IF(O117<85,"Strong",IF(O117<95,"Excellent","Exceptional"))))) -> Solid
A118: Field Repair Kit | B118: Keth Iron | C118: Sorrel Vein Copper | D118: Glimmerfall Shard | E118: =AVERAGE(INDEX(Resources!$B$2:$F$10,MATCH($B118,Resources!$A$2:$A$10,0),1),INDEX(Resources!$B$2:$F$10,MATCH($C118,Resources!$A$2:$A$10,0),1),INDEX(Resources!$B$2:$F$10,MATCH($D118,Resources!$A$2:$A$10,0),1)) -> 626.66667 | F118: Condition Restored | G118: =(Weights!$C$14*IF(Weights!$D$14=0,$E118,INDEX(Resources!$B$2:$F$10,MATCH(CHOOSE(Weights!$D$14,$B118,$C118,$D118),Resources!$A$2:$A$10,0),MATCH(Weights!$E$14,Resources!$B$1:$F$1,0)))+Weights!$F$14*IF(Weights!$G$14=0,$E118,INDEX(Resources!$B$2:$F$10,MATCH(CHOOSE(Weights!$G$14,$B118,$C118,$D118),Resources!$A$2:$A$10,0),MATCH(Weights!$H$14,Resources!$B$1:$F$1,0)))+Weights!$I$14*IF(Weights!$J$14=0,$E118,INDEX(Resources!$B$2:$F$10,MATCH(CHOOSE(Weights!$J$14,$B118,$C118,$D118),Resources!$A$2:$A$10,0),MATCH(Weights!$K$14,Resources!$B$1:$F$1,0))))/10 -> 60.133333 | H118: =IF(G118<40,"Poor",IF(G118<55,"Basic",IF(G118<70,"Solid",IF(G118<85,"Strong",IF(G118<95,"Excellent","Exceptional"))))) -> Solid | I118: Integrity Safety | J118: =(Weights!$C$15*IF(Weights!$D$15=0,$E118,INDEX(Resources!$B$2:$F$10,MATCH(CHOOSE(Weights!$D$15,$B118,$C118,$D118),Resources!$A$2:$A$10,0),MATCH(Weights!$E$15,Resources!$B$1:$F$1,0)))+Weights!$F$15*IF(Weights!$G$15=0,$E118,INDEX(Resources!$B$2:$F$10,MATCH(CHOOSE(Weights!$G$15,$B118,$C118,$D118),Resources!$A$2:$A$10,0),MATCH(Weights!$H$15,Resources!$B$1:$F$1,0)))+Weights!$I$15*IF(Weights!$J$15=0,$E118,INDEX(Resources!$B$2:$F$10,MATCH(CHOOSE(Weights!$J$15,$B118,$C118,$D118),Resources!$A$2:$A$10,0),MATCH(Weights!$K$15,Resources!$B$1:$F$1,0))))/10 -> 64 | K118: =IF(J118<40,"Poor",IF(J118<55,"Basic",IF(J118<70,"Solid",IF(J118<85,"Strong",IF(J118<95,"Excellent","Exceptional"))))) -> Solid | L118: Field Reliability | M118: =(Weights!$C$16*IF(Weights!$D$16=0,$E118,INDEX(Resources!$B$2:$F$10,MATCH(CHOOSE(Weights!$D$16,$B118,$C118,$D118),Resources!$A$2:$A$10,0),MATCH(Weights!$E$16,Resources!$B$1:$F$1,0)))+Weights!$F$16*IF(Weights!$G$16=0,$E118,INDEX(Resources!$B$2:$F$10,MATCH(CHOOSE(Weights!$G$16,$B118,$C118,$D118),Resources!$A$2:$A$10,0),MATCH(Weights!$H$16,Resources!$B$1:$F$1,0)))+Weights!$I$16*IF(Weights!$J$16=0,$E118,INDEX(Resources!$B$2:$F$10,MATCH(CHOOSE(Weights!$J$16,$B118,$C118,$D118),Resources!$A$2:$A$10,0),MATCH(Weights!$K$16,Resources!$B$1:$F$1,0))))/10 -> 56.383333 | N118: =IF(M118<40,"Poor",IF(M118<55,"Basic",IF(M118<70,"Solid",IF(M118<85,"Strong",IF(M118<95,"Excellent","Exceptional"))))) -> Solid | O118: =MIN(100,MAX(G118,J118,M118)*(1+0.05*3)) -> 73.6 | P118: =IF(O118<40,"Poor",IF(O118<55,"Basic",IF(O118<70,"Solid",IF(O118<85,"Strong",IF(O118<95,"Excellent","Exceptional"))))) -> Strong
A119: Field Repair Kit | B119: Asterion Frame Alloy | C119: Red Mesa Conductive Slag | D119: Pale Ember Crystal | E119: =AVERAGE(INDEX(Resources!$B$2:$F$10,MATCH($B119,Resources!$A$2:$A$10,0),1),INDEX(Resources!$B$2:$F$10,MATCH($C119,Resources!$A$2:$A$10,0),1),INDEX(Resources!$B$2:$F$10,MATCH($D119,Resources!$A$2:$A$10,0),1)) -> 570 | F119: Condition Restored | G119: =(Weights!$C$14*IF(Weights!$D$14=0,$E119,INDEX(Resources!$B$2:$F$10,MATCH(CHOOSE(Weights!$D$14,$B119,$C119,$D119),Resources!$A$2:$A$10,0),MATCH(Weights!$E$14,Resources!$B$1:$F$1,0)))+Weights!$F$14*IF(Weights!$G$14=0,$E119,INDEX(Resources!$B$2:$F$10,MATCH(CHOOSE(Weights!$G$14,$B119,$C119,$D119),Resources!$A$2:$A$10,0),MATCH(Weights!$H$14,Resources!$B$1:$F$1,0)))+Weights!$I$14*IF(Weights!$J$14=0,$E119,INDEX(Resources!$B$2:$F$10,MATCH(CHOOSE(Weights!$J$14,$B119,$C119,$D119),Resources!$A$2:$A$10,0),MATCH(Weights!$K$14,Resources!$B$1:$F$1,0))))/10 -> 71.15 | H119: =IF(G119<40,"Poor",IF(G119<55,"Basic",IF(G119<70,"Solid",IF(G119<85,"Strong",IF(G119<95,"Excellent","Exceptional"))))) -> Strong | I119: Integrity Safety | J119: =(Weights!$C$15*IF(Weights!$D$15=0,$E119,INDEX(Resources!$B$2:$F$10,MATCH(CHOOSE(Weights!$D$15,$B119,$C119,$D119),Resources!$A$2:$A$10,0),MATCH(Weights!$E$15,Resources!$B$1:$F$1,0)))+Weights!$F$15*IF(Weights!$G$15=0,$E119,INDEX(Resources!$B$2:$F$10,MATCH(CHOOSE(Weights!$G$15,$B119,$C119,$D119),Resources!$A$2:$A$10,0),MATCH(Weights!$H$15,Resources!$B$1:$F$1,0)))+Weights!$I$15*IF(Weights!$J$15=0,$E119,INDEX(Resources!$B$2:$F$10,MATCH(CHOOSE(Weights!$J$15,$B119,$C119,$D119),Resources!$A$2:$A$10,0),MATCH(Weights!$K$15,Resources!$B$1:$F$1,0))))/10 -> 77.5 | K119: =IF(J119<40,"Poor",IF(J119<55,"Basic",IF(J119<70,"Solid",IF(J119<85,"Strong",IF(J119<95,"Excellent","Exceptional"))))) -> Strong | L119: Field Reliability | M119: =(Weights!$C$16*IF(Weights!$D$16=0,$E119,INDEX(Resources!$B$2:$F$10,MATCH(CHOOSE(Weights!$D$16,$B119,$C119,$D119),Resources!$A$2:$A$10,0),MATCH(Weights!$E$16,Resources!$B$1:$F$1,0)))+Weights!$F$16*IF(Weights!$G$16=0,$E119,INDEX(Resources!$B$2:$F$10,MATCH(CHOOSE(Weights!$G$16,$B119,$C119,$D119),Resources!$A$2:$A$10,0),MATCH(Weights!$H$16,Resources!$B$1:$F$1,0)))+Weights!$I$16*IF(Weights!$J$16=0,$E119,INDEX(Resources!$B$2:$F$10,MATCH(CHOOSE(Weights!$J$16,$B119,$C119,$D119),Resources!$A$2:$A$10,0),MATCH(Weights!$K$16,Resources!$B$1:$F$1,0))))/10 -> 76.2 | N119: =IF(M119<40,"Poor",IF(M119<55,"Basic",IF(M119<70,"Solid",IF(M119<85,"Strong",IF(M119<95,"Excellent","Exceptional"))))) -> Strong | O119: =MIN(100,MAX(G119,J119,M119)*(1+0.05*3)) -> 89.125 | P119: =IF(O119<40,"Poor",IF(O119<55,"Basic",IF(O119<70,"Solid",IF(O119<85,"Strong",IF(O119<95,"Excellent","Exceptional"))))) -> Excellent
A120: Field Repair Kit | B120: Asterion Frame Alloy | C120: Red Mesa Conductive Slag | D120: Thornwake Crystal | E120: =AVERAGE(INDEX(Resources!$B$2:$F$10,MATCH($B120,Resources!$A$2:$A$10,0),1),INDEX(Resources!$B$2:$F$10,MATCH($C120,Resources!$A$2:$A$10,0),1),INDEX(Resources!$B$2:$F$10,MATCH($D120,Resources!$A$2:$A$10,0),1)) -> 540 | F120: Condition Restored | G120: =(Weights!$C$14*IF(Weights!$D$14=0,$E120,INDEX(Resources!$B$2:$F$10,MATCH(CHOOSE(Weights!$D$14,$B120,$C120,$D120),Resources!$A$2:$A$10,0),MATCH(Weights!$E$14,Resources!$B$1:$F$1,0)))+Weights!$F$14*IF(Weights!$G$14=0,$E120,INDEX(Resources!$B$2:$F$10,MATCH(CHOOSE(Weights!$G$14,$B120,$C120,$D120),Resources!$A$2:$A$10,0),MATCH(Weights!$H$14,Resources!$B$1:$F$1,0)))+Weights!$I$14*IF(Weights!$J$14=0,$E120,INDEX(Resources!$B$2:$F$10,MATCH(CHOOSE(Weights!$J$14,$B120,$C120,$D120),Resources!$A$2:$A$10,0),MATCH(Weights!$K$14,Resources!$B$1:$F$1,0))))/10 -> 70.1 | H120: =IF(G120<40,"Poor",IF(G120<55,"Basic",IF(G120<70,"Solid",IF(G120<85,"Strong",IF(G120<95,"Excellent","Exceptional"))))) -> Strong | I120: Integrity Safety | J120: =(Weights!$C$15*IF(Weights!$D$15=0,$E120,INDEX(Resources!$B$2:$F$10,MATCH(CHOOSE(Weights!$D$15,$B120,$C120,$D120),Resources!$A$2:$A$10,0),MATCH(Weights!$E$15,Resources!$B$1:$F$1,0)))+Weights!$F$15*IF(Weights!$G$15=0,$E120,INDEX(Resources!$B$2:$F$10,MATCH(CHOOSE(Weights!$G$15,$B120,$C120,$D120),Resources!$A$2:$A$10,0),MATCH(Weights!$H$15,Resources!$B$1:$F$1,0)))+Weights!$I$15*IF(Weights!$J$15=0,$E120,INDEX(Resources!$B$2:$F$10,MATCH(CHOOSE(Weights!$J$15,$B120,$C120,$D120),Resources!$A$2:$A$10,0),MATCH(Weights!$K$15,Resources!$B$1:$F$1,0))))/10 -> 56.5 | K120: =IF(J120<40,"Poor",IF(J120<55,"Basic",IF(J120<70,"Solid",IF(J120<85,"Strong",IF(J120<95,"Excellent","Exceptional"))))) -> Solid | L120: Field Reliability | M120: =(Weights!$C$16*IF(Weights!$D$16=0,$E120,INDEX(Resources!$B$2:$F$10,MATCH(CHOOSE(Weights!$D$16,$B120,$C120,$D120),Resources!$A$2:$A$10,0),MATCH(Weights!$E$16,Resources!$B$1:$F$1,0)))+Weights!$F$16*IF(Weights!$G$16=0,$E120,INDEX(Resources!$B$2:$F$10,MATCH(CHOOSE(Weights!$G$16,$B120,$C120,$D120),Resources!$A$2:$A$10,0),MATCH(Weights!$H$16,Resources!$B$1:$F$1,0)))+Weights!$I$16*IF(Weights!$J$16=0,$E120,INDEX(Resources!$B$2:$F$10,MATCH(CHOOSE(Weights!$J$16,$B120,$C120,$D120),Resources!$A$2:$A$10,0),MATCH(Weights!$K$16,Resources!$B$1:$F$1,0))))/10 -> 45.45 | N120: =IF(M120<40,"Poor",IF(M120<55,"Basic",IF(M120<70,"Solid",IF(M120<85,"Strong",IF(M120<95,"Excellent","Exceptional"))))) -> Basic | O120: =MIN(100,MAX(G120,J120,M120)*(1+0.05*3)) -> 80.615 | P120: =IF(O120<40,"Poor",IF(O120<55,"Basic",IF(O120<70,"Solid",IF(O120<85,"Strong",IF(O120<95,"Excellent","Exceptional"))))) -> Strong
A121: Field Repair Kit | B121: Asterion Frame Alloy | C121: Red Mesa Conductive Slag | D121: Glimmerfall Shard | E121: =AVERAGE(INDEX(Resources!$B$2:$F$10,MATCH($B121,Resources!$A$2:$A$10,0),1),INDEX(Resources!$B$2:$F$10,MATCH($C121,Resources!$A$2:$A$10,0),1),INDEX(Resources!$B$2:$F$10,MATCH($D121,Resources!$A$2:$A$10,0),1)) -> 610 | F121: Condition Restored | G121: =(Weights!$C$14*IF(Weights!$D$14=0,$E121,INDEX(Resources!$B$2:$F$10,MATCH(CHOOSE(Weights!$D$14,$B121,$C121,$D121),Resources!$A$2:$A$10,0),MATCH(Weights!$E$14,Resources!$B$1:$F$1,0)))+Weights!$F$14*IF(Weights!$G$14=0,$E121,INDEX(Resources!$B$2:$F$10,MATCH(CHOOSE(Weights!$G$14,$B121,$C121,$D121),Resources!$A$2:$A$10,0),MATCH(Weights!$H$14,Resources!$B$1:$F$1,0)))+Weights!$I$14*IF(Weights!$J$14=0,$E121,INDEX(Resources!$B$2:$F$10,MATCH(CHOOSE(Weights!$J$14,$B121,$C121,$D121),Resources!$A$2:$A$10,0),MATCH(Weights!$K$14,Resources!$B$1:$F$1,0))))/10 -> 72.55 | H121: =IF(G121<40,"Poor",IF(G121<55,"Basic",IF(G121<70,"Solid",IF(G121<85,"Strong",IF(G121<95,"Excellent","Exceptional"))))) -> Strong | I121: Integrity Safety | J121: =(Weights!$C$15*IF(Weights!$D$15=0,$E121,INDEX(Resources!$B$2:$F$10,MATCH(CHOOSE(Weights!$D$15,$B121,$C121,$D121),Resources!$A$2:$A$10,0),MATCH(Weights!$E$15,Resources!$B$1:$F$1,0)))+Weights!$F$15*IF(Weights!$G$15=0,$E121,INDEX(Resources!$B$2:$F$10,MATCH(CHOOSE(Weights!$G$15,$B121,$C121,$D121),Resources!$A$2:$A$10,0),MATCH(Weights!$H$15,Resources!$B$1:$F$1,0)))+Weights!$I$15*IF(Weights!$J$15=0,$E121,INDEX(Resources!$B$2:$F$10,MATCH(CHOOSE(Weights!$J$15,$B121,$C121,$D121),Resources!$A$2:$A$10,0),MATCH(Weights!$K$15,Resources!$B$1:$F$1,0))))/10 -> 71.5 | K121: =IF(J121<40,"Poor",IF(J121<55,"Basic",IF(J121<70,"Solid",IF(J121<85,"Strong",IF(J121<95,"Excellent","Exceptional"))))) -> Strong | L121: Field Reliability | M121: =(Weights!$C$16*IF(Weights!$D$16=0,$E121,INDEX(Resources!$B$2:$F$10,MATCH(CHOOSE(Weights!$D$16,$B121,$C121,$D121),Resources!$A$2:$A$10,0),MATCH(Weights!$E$16,Resources!$B$1:$F$1,0)))+Weights!$F$16*IF(Weights!$G$16=0,$E121,INDEX(Resources!$B$2:$F$10,MATCH(CHOOSE(Weights!$G$16,$B121,$C121,$D121),Resources!$A$2:$A$10,0),MATCH(Weights!$H$16,Resources!$B$1:$F$1,0)))+Weights!$I$16*IF(Weights!$J$16=0,$E121,INDEX(Resources!$B$2:$F$10,MATCH(CHOOSE(Weights!$J$16,$B121,$C121,$D121),Resources!$A$2:$A$10,0),MATCH(Weights!$K$16,Resources!$B$1:$F$1,0))))/10 -> 66.2 | N121: =IF(M121<40,"Poor",IF(M121<55,"Basic",IF(M121<70,"Solid",IF(M121<85,"Strong",IF(M121<95,"Excellent","Exceptional"))))) -> Solid | O121: =MIN(100,MAX(G121,J121,M121)*(1+0.05*3)) -> 83.4325 | P121: =IF(O121<40,"Poor",IF(O121<55,"Basic",IF(O121<70,"Solid",IF(O121<85,"Strong",IF(O121<95,"Excellent","Exceptional"))))) -> Strong
... A136: Field Repair Kit | B136: Bendrel Ridge Alloy | C136: Sorrel Vein Copper | D136: Glimmerfall Shard | E136: =AVERAGE(INDEX(Resources!$B$2:$F$10,MATCH($B136,Resources!$A$2:$A$10,0),1),INDEX(Resources!$B$2:$F$10,MATCH($C136,Resources!$A$2:$A$10,0),1),INDEX(Resources!$B$2:$F$10,MATCH($D136,Resources!$A$2:$A$10,0),1)) -> 656.66667 | F136: Condition Restored | G136: =(Weights!$C$14*IF(Weights!$D$14=0,$E136,INDEX(Resources!$B$2:$F$10,MATCH(CHOOSE(Weights!$D$14,$B136,$C136,$D136),Resources!$A$2:$A$10,0),MATCH(Weights!$E$14,Resources!$B$1:$F$1,0)))+Weights!$F$14*IF(Weights!$G$14=0,$E136,INDEX(Resources!$B$2:$F$10,MATCH(CHOOSE(Weights!$G$14,$B136,$C136,$D136),Resources!$A$2:$A$10,0),MATCH(Weights!$H$14,Resources!$B$1:$F$1,0)))+Weights!$I$14*IF(Weights!$J$14=0,$E136,INDEX(Resources!$B$2:$F$10,MATCH(CHOOSE(Weights!$J$14,$B136,$C136,$D136),Resources!$A$2:$A$10,0),MATCH(Weights!$K$14,Resources!$B$1:$F$1,0))))/10 -> 71.183333 | H136: =IF(G136<40,"Poor",IF(G136<55,"Basic",IF(G136<70,"Solid",IF(G136<85,"Strong",IF(G136<95,"Excellent","Exceptional"))))) -> Strong | I136: Integrity Safety | J136: =(Weights!$C$15*IF(Weights!$D$15=0,$E136,INDEX(Resources!$B$2:$F$10,MATCH(CHOOSE(Weights!$D$15,$B136,$C136,$D136),Resources!$A$2:$A$10,0),MATCH(Weights!$E$15,Resources!$B$1:$F$1,0)))+Weights!$F$15*IF(Weights!$G$15=0,$E136,INDEX(Resources!$B$2:$F$10,MATCH(CHOOSE(Weights!$G$15,$B136,$C136,$D136),Resources!$A$2:$A$10,0),MATCH(Weights!$H$15,Resources!$B$1:$F$1,0)))+Weights!$I$15*IF(Weights!$J$15=0,$E136,INDEX(Resources!$B$2:$F$10,MATCH(CHOOSE(Weights!$J$15,$B136,$C136,$D136),Resources!$A$2:$A$10,0),MATCH(Weights!$K$15,Resources!$B$1:$F$1,0))))/10 -> 56.1 | K136: =IF(J136<40,"Poor",IF(J136<55,"Basic",IF(J136<70,"Solid",IF(J136<85,"Strong",IF(J136<95,"Excellent","Exceptional"))))) -> Solid | L136: Field Reliability | M136: =(Weights!$C$16*IF(Weights!$D$16=0,$E136,INDEX(Resources!$B$2:$F$10,MATCH(CHOOSE(Weights!$D$16,$B136,$C136,$D136),Resources!$A$2:$A$10,0),MATCH(Weights!$E$16,Resources!$B$1:$F$1,0)))+Weights!$F$16*IF(Weights!$G$16=0,$E136,INDEX(Resources!$B$2:$F$10,MATCH(CHOOSE(Weights!$G$16,$B136,$C136,$D136),Resources!$A$2:$A$10,0),MATCH(Weights!$H$16,Resources!$B$1:$F$1,0)))+Weights!$I$16*IF(Weights!$J$16=0,$E136,INDEX(Resources!$B$2:$F$10,MATCH(CHOOSE(Weights!$J$16,$B136,$C136,$D136),Resources!$A$2:$A$10,0),MATCH(Weights!$K$16,Resources!$B$1:$F$1,0))))/10 -> 56.983333 | N136: =IF(M136<40,"Poor",IF(M136<55,"Basic",IF(M136<70,"Solid",IF(M136<85,"Strong",IF(M136<95,"Excellent","Exceptional"))))) -> Solid | O136: =MIN(100,MAX(G136,J136,M136)*(1+0.05*3)) -> 81.860833 | P136: =IF(O136<40,"Poor",IF(O136<55,"Basic",IF(O136<70,"Solid",IF(O136<85,"Strong",IF(O136<95,"Excellent","Exceptional"))))) -> Strong

Sheet Tuning & Modes
A1: Tuning and craft-mode model (Decision 010)
A3: Base property score (link any Craft Model score here) | B3: ='Craft Model'!G96 -> 89.05
A4: Tuning points on this line (0–3) | B4: 3
A5: Tuned score = MIN(100, base × (1 + 0.05 × pts)) | B5: =MIN(100,B3*(1+0.05*B4)) -> 100
A6: Safe Craft result | B6: =B5 -> 100
A7: Careful Experiment: 75% upside result (+3%) | B7: =MIN(100,B5*1.03) -> 100
A8: Careful Experiment expected value | B8: =0.75*B7+0.25*B5 -> 100
A9: Careful Experiment flaw risk | B9: 0.05
A11: Resource primacy check (Decision 009): worst combo fully tuned vs best combo untuned
A12: Best scanner combo, Survey Clarity, untuned | B12: ='Craft Model'!G96 -> 89.05
A13: Worst scanner combo, Survey Clarity, +3 points | B13: =MIN(100,'Craft Model'!G83*1.15) -> 65.895
A14: Gap tuning cannot close | B14: =B12-B13 -> 23.155

Sheet Findings
A1: Economy Model — Decisions 010 + 016 + 021 (all LOCKED), nine-resource seed bloom (2026-06-10)
A3: PASS — Resource primacy: tuning (+15% max on one line) never closes a two-band resource gap.
A4: PASS — Allocation: best CM differs by context (Veyrith=scanner/drill, Sorrel=pump stability, Slag=repair filament).
A5: PASS — Tempting-but-risky: Thornwake is the best Survey Clarity lens and the worst on the other two scanner lines.
A6: ROLE — Keth Iron and Glimmerfall Shard win no stat contest by design: bulk/OQ-filler archetypes (high concentration ranges).
A8: Monte Carlo (3/family, 8000 blooms): median best craft 86.1; exciting 58.2%; mediocre 0.8%; floor 0.00%;
A9: CM allocation decision exists in 87.8% of blooms. Knob if peaks feel common: skew stat rolls low.
A11: All weights editable on the Weights sheet; resource stats on the Resources sheet. Sims: stage1_sim.py,
A12: bloom_variance_sim.py, run_duration_sim.py. Canon: DECISION_LOG.md Decisions 001–021.
